-- phpMyAdmin SQL Dump
-- version 5.2.0
-- https://www.phpmyadmin.net/
--
-- Servidor: 127.0.0.1
-- Tiempo de generación: 21-03-2023 a las 18:17:58
-- Versión del servidor: 10.4.27-MariaDB
-- Versión de PHP: 8.2.0

SET SQL_MODE = "NO_AUTO_VALUE_ON_ZERO";
START TRANSACTION;
SET time_zone = "+00:00";


/*!40101 SET @OLD_CHARACTER_SET_CLIENT=@@CHARACTER_SET_CLIENT */;
/*!40101 SET @OLD_CHARACTER_SET_RESULTS=@@CHARACTER_SET_RESULTS */;
/*!40101 SET @OLD_COLLATION_CONNECTION=@@COLLATION_CONNECTION */;
/*!40101 SET NAMES utf8mb4 */;

--
-- Base de datos: `indeconsult-web`
--
CREATE DATABASE IF NOT EXISTS `indeconsult-web`;
USE `indeconsult-web`;
-- --------------------------------------------------------

--
-- Estructura de tabla para la tabla `blog_categor`
--

CREATE TABLE `blog_categor` (
  `id_blog_cat` int(11) NOT NULL,
  `nombre` varchar(50) NOT NULL
) ENGINE=InnoDB DEFAULT CHARSET=utf8mb4 COLLATE=utf8mb4_general_ci;

--
-- Volcado de datos para la tabla `blog_categor`
--

INSERT INTO `blog_categor` (`id_blog_cat`, `nombre`) VALUES
(1, 'Construcción'),
(2, 'Economía'),
(3, 'Educación'),
(4, 'Indeconsult'),
(5, 'Salud');

-- --------------------------------------------------------

--
-- Estructura de tabla para la tabla `blog_publicaciones`
--

CREATE TABLE `blog_publicaciones` (
  `id_blog_pub` int(11) NOT NULL,
  `titulo` varchar(100) NOT NULL,
  `descripcion` text NOT NULL,
  `imagen` text NOT NULL,
  `id_blog_tipo` int(11) NOT NULL,
  `fecha` timestamp NOT NULL DEFAULT current_timestamp() ON UPDATE current_timestamp(),
  `autor` varchar(50) NOT NULL
) ENGINE=InnoDB DEFAULT CHARSET=utf8mb4 COLLATE=utf8mb4_general_ci;

--
-- Volcado de datos para la tabla `blog_publicaciones`
--

INSERT INTO `blog_publicaciones` (`id_blog_pub`, `titulo`, `descripcion`, `imagen`, `id_blog_tipo`, `fecha`, `autor`) VALUES
(1, 'INDECONSULT gana dos estudios de pre-inversión de proyectos para los Panamericanos Lima 2019', 'Instituto de Consultoría S.A. gana dos estudios de pre-inversión para la implementación de proyectos para los Panamericanos Lima 2019.', 'vista/imagenes/proyectsandservices/blog/indeconsult/2016/1/blog-idc-1.jpg', 2, '2016-06-12 06:58:43', 'admin'),
(2, 'Fallecimiento de nuestro Fundador y Gerente Ing. Arturo Echandia', 'Nuestro Fundador y Gerente Ing. Arturo Echandía Saavedra falleció el __ razón por la cual queremos recordarlo mostrando algunas fotos en las que departió con los miembros de nuestra empresa.', 'vista/imagenes/proyectsandservices/blog/indeconsult/2016/2/blog-idc-1.jpg', 1, '2016-06-12 03:25:08', 'admin'),
(3, 'CCL advierte que reguladores demoran en diseñar contratos de proyectos de concesión.', 'El país podría contar con mayores proyectos de inversión si el Estado tuviera la decisión de resolver algunos retrasos en el diseño y renegociación de los contratos de concesión que están supervisados por los organismos reguladores, afirmó el Instituto de Economía y Desarrollo Empresarial (IEDEP) de la CCL. <br>\r\n“Hay algunas demoras por parte de los reguladores en el momento de interpretar los contratos. Esto se debe a que ha aumentado el espectro de variables contractuales sobre los cuales el regulador emite opinión (aunque de manera no vinculante), dando lugar a retrasos innecesarios en el diseño de contratos y en las renegociaciones de los mismos (adendas)”, precisó César Peñaranda, director ejecutivo del IEDEP. <br>\r\nExplicó que los retrasos sucederían debido al temor de los funcionarios de los ministerios de contradecir la opinión, aunque no vinculante, del regulador, y tener problemas posteriores con la Contraloría General de la República. <br>\r\nAdemás, existe la percepción de que los funcionarios encargados de los contratos tienen experiencia más de administradores de contratos (con el objetivo del cumplimiento cabal de las cláusulas) que de negociadores (por ejemplo, al momento de debatir las renegociaciones del mismo). <br>\r\nTrabas burocráticas <br>\r\nSegún la CCL, otro aspecto responde a las trabas burocráticas que surgen por demora en el otorgamiento de permisos, inclusión de nuevos requisitos, superposición de opiniones, entre otros. <br>\r\nAsí también existen demoras en los procesos de expropiación de terrenos por parte del Estado lo que limita el inicio de los proyectos o paralización de los mismos haciendo que se incremente paulatinamente el costo de las concesiones. <br>\r\nFinalmente, Peñaranda advirtió que la deficiente capacidad gerencial en los gobiernos regionales y locales impide llevar adelante proyectos en la modalidad de APP. <br>\r\n“No se cuenta con las competencias para cumplir los procesos que exige la ley, la participación de los organismos reguladores es necesaria para garantizar el cumplimiento de los contratos en distintos aspectos, sin embargo, esto no es posible debido a que su competencia está limitada a proyectos de alcance nacional, sin poder regular y supervisar proyectos de infraestructura de alcance regional y local”, anotó. <br>\r\nEntre el 2006 y 2014, el Estado peruano ha adjudicado un total de 92 contratos de concesión para la prestación de servicios y construcción de infraestructura pública con participación privada a través de privatizaciones, concesiones y en la modalidad de las Asociaciones Público – Privadas (APP) por un monto total de S/. 65,049 millones. <br>\r\nEn el quinquenio 2006 – 2010 se suscribieron un total de 43 contratos que significaron compromisos de inversión por S/. 14,215 millones y entre 2011 al 2014 los contratos sumaron 49 por un monto de S/. 50,834 millones.', 'vista/imagenes/proyectsandservices/blog/construccion/2015/blog-construccion-1.jpg', 2, '2015-06-13 04:03:05', 'admin'),
(4, 'Minedu y Cusco invierten S/.143 millones en rehabilitar 100 colegios públicos', 'Con la finalidad de contribuir a la mejora de la calidad educativa de los escolares de la zona, el Ministerio de Educación (Minedu) y el Gobierno Regional del Cusco han dispuesto la remodelación, rehabilitación y ampliación de la infraestructura correspondiente a cien colegios públicos de la región con una inversión de S/. 143 millones. <br>\r\nAsí lo informó el ministro Jaime Saavedra quien llegó esta mañana a la Ciudad Imperial para dar cumplimiento al Pacto de Compromisos suscrito entre el gobierno regional del Cusco y el Minedu en aras de fortalecer la infraestructura educativa de la zona. <br>\r\nA su llegada, sostuvo una reunión de trabajo con el gobernador regional del Cusco, Edwin Licona y funcionarios de la gerencia de Desarrollo Social y de la Dirección Regional de Educación. <br>\r\nCon ellos acordó medidas para acelerar diversas obras como la reconstrucción de escuelas que fueron demolidas por la anterior gestión del gobierno regional del Cusco. Precisamente, en esos centros educativos serán instaladas 165 aulas prefabricadas donde los alumnos estudiarán mientras se efectúan las obras de rehabilitación permanentes, comentó el ministro. <br>\r\nDurante su visita, Saavedra recorrió las instalaciones del colegio de Educación Básica Especial San Martín, donde el gobierno regional ha efectuado un proyecto de mejoramiento con recursos transferidos por el Minedu. <br>\r\nAl respecto, el ministro destacó que esta obra es una demostración de la política inclusiva que se aplica en la presente gestión. <br>\r\nAgenda <br>\r\nComo parte de su agenda de trabajo, el titular del Minedu tiene previsto visitar la sede temporal del Colegio de Alto Rendimiento (COAR) del Cusco donde se efectúan obras de acondicionamiento. <br>\r\nAllí estudian cien alumnos y alumnas que el año pasado lograron los primeros puestos de su promoción y ahora se encuentran cursando el tercer grado de secundaria a través de esta nueva modalidad de estudios brindada por el Minedu. <br>\r\nLa sede temporal del COAR Cusco está ubicada en la localidad de Pucyura-Anta y allí el ministro se reunirá con los estudiantes y sus profesores. Igualmente, inspeccionará los trabajos correspondientes a la construcción del local donde el colegio funcionará de manera permanente a partir del próximo año. <br>\r\nPosteriormente, visitará escuelas públicas donde ya se viene implementando la Jornada Escolar Completa para secundaria. El titular del sector precisó que ya son 74 los colegios cusqueños que cuentan con esa estrategia. En tanto, un grupo de colegios de primaria ya vienen desarrollando el programa de soporte pedagógico para reforzar los aprendizajes. <br>\r\nEvaluación censal <br>\r\nEl ministro explicó que estas estrategias permitirán que los estudiantes cusqueños puedan superar los resultados de la Evaluación Censal Escolar 2014 que reveló que el 35% avanza en comprensión lectora y el 25% en matemática. <br>\r\nDe otra parte, indicó que, en aras de facilitar el acceso de los egresados a la educación superior, el Minedu ha beneficiado a 1,700 jóvenes cusqueños mediante el Programa Beca 18. De igual forma, noventa profesores de la zona obtuvieron becas de estudios de postgrado. ', 'vista/imagenes/proyectsandservices/blog/construccion/2015/blog-construccion-2.jpg', 2, '2015-06-11 07:03:01', 'admin'),
(5, 'Banco Mundial recortó a 3,9% proyección económica para el Perú en el 2015', 'El Banco Mundial volvió a recortar sus estimados de crecimiento para la economía mundial este año. Así, mientras proyectó que el crecimiento global no superaría el 2,8% -0,2 puntos porcentuales menos que en sus previsiones lanzadas en enero- acortó también su proyección para América Latina de 0,8% a 0,4% para el 2015. <br>\r\nEn el informe «Perspectivas Económicas Globales» el Banco Mundial advirtió que la caída del precio de los commodities tendría un fuerte impacto en el desarrollo de América Latina, territorio que se recuperaría el 2016 al crecer al 2%. <br>\r\n«Sin embargo hay una divergencia entre subregiones, con las previsiones para América Central, América del Norte y el Caribe relativamente más brillantes que las de América del Sur», apuntó elBanco Mundial en su informe, como destacó la agencia AFP. <br>\r\nMientras a Estados Unidos el Banco Mundial bajó sus proyecciones de crecimiento a a 2%, las expectativas para la zona euro aumentaron levemente a 1,5%, en tanto que en China la cifra se mantuvo en 7,1%. Para las economías emergentes, la previsión del organismo mundial cayó a 4,4%. <br>\r\n«Estamos alertando a las naciones, especialmente a las economías emergentes, a que se ajusten los cinturones», advirtió Kaushik Basu, principal economista del Banco Mundial. Esto, debido a que para estas economías será más difícil atraer inversiones. <br>\r\nSegún el documento, la decisión de la Reserva Federal de Estados Unidos (Fed) de elevar o no sus tasas de interés en los próximos meses, serían un factor clave en este contexto, ya que podrían aumentar la volatilidad en el mercado global. <br>\r\nCRECIMIENTO EN LA REGIÓN <br>\r\nEn la región, el Perú es una de las economías en las que el Banco Mundial contrajo sus estimados para este año. Así, según el nuevo informe, nuestro país cerraría el 2015 con un avance de 3,9%, cifra menor al 4,8% que la entidad proyectó a inicios de año. <br>\r\nPese a este descenso en el estimado, nuestro país es una de las plazas que crecería más en términos relativos en la región. Lo acompañan Panamá, Bolivia y Guatemala, economías que progresarían 6,2%, 4,8% y 4% para este año, respectivamente. Colombia y México son otros mercados en los que el organismo prevé un crecimiento de 2,6%. <br>\r\nEn tanto, de acuerdo al informe del Banco Mundial, las economías de Brasil y Venezuela se desplomarían en -1,3% y -5,1%, respectivamente. Argentina, por su parte, es una de las naciones en las que el organismo elevó sus proyecciones económicas de -0,3% a 1,1%, mientras que Chile se mantuvo estable en 2,9%.', 'vista/imagenes/proyectsandservices/blog/economia/2015/blog-economia-1.jpg', 2, '2017-03-11 03:05:59', 'admin'),
(6, 'Construirán en Puno el primer hospital mediante obras por impuestos', 'El Gobierno Regional de Puno y el consorcio formado por Telefónica Móviles, Banco de Crédito del Perú (BCP) y Pacífico Seguros suscribieron hoy un convenio para construir el Hospital San Martín de Porres -con nivel de complejidad de atención II 1- del distrito de Macusani, que beneficiará a 73 mil 946 pobladores en la provincia de Carabaya en la Región Puno. <br>\r\nEl proyecto, que se ejecutará mediante el mecanismo de Obras por Impuestos por un monto comprometido de S/. 77.5 millones, cuenta con el financiamiento del referido consorcio. <br>\r\nLa ministra de Salud, Midori de Habich, señaló que “esta firma es un hito que marca la utilización del mecanismo de Obras por Impuestos para fortalecer al sector Salud”. Agregó que ve con mucha expectativa la captación de interés del sector privado para ayudar a cerrar la brecha de infraestructura y atención de calidad en nuestro país. <br>\r\nPor su parte, el director ejecutivo de ProInversión, Javier Illescas, indicó que el compromiso de su entidad “es apoyar a la empresa privada y los distintos niveles de gobierno para que el esquema de inversión de Obras por Impuestos siga creciendo”. <br>\r\nAsimismo, señaló que la construcción del Hospital San Martín de Porres de Macusani es la primera de un grupo mayor de hospitales y centros de salud, que ProInversión, en alianza con el Ministerio de Salud (Minsa), tiene en cartera para financiar mediante Obras por Impuestos durante los años 2014 y 2015.', 'vista/imagenes/proyectsandservices/blog/salud/2015/blog-salud-1.jpg', 2, '2017-03-22 03:05:50', 'admin');

-- --------------------------------------------------------

--
-- Estructura de tabla para la tabla `blog_pub_cat`
--

CREATE TABLE `blog_pub_cat` (
  `id_blog_cat` int(11) NOT NULL,
  `id_blog_pub` int(11) NOT NULL
) ENGINE=InnoDB DEFAULT CHARSET=utf8mb4 COLLATE=utf8mb4_general_ci;

--
-- Volcado de datos para la tabla `blog_pub_cat`
--

INSERT INTO `blog_pub_cat` (`id_blog_cat`, `id_blog_pub`) VALUES
(1, 4),
(3, 4),
(2, 5),
(4, 1),
(4, 2),
(5, 6),
(1, 6),
(1, 3);

-- --------------------------------------------------------

--
-- Estructura de tabla para la tabla `blog_tipo_zona`
--

CREATE TABLE `blog_tipo_zona` (
  `id_blog_tipo` int(11) NOT NULL,
  `nombre` varchar(20) NOT NULL
) ENGINE=InnoDB DEFAULT CHARSET=utf8mb4 COLLATE=utf8mb4_general_ci;

--
-- Volcado de datos para la tabla `blog_tipo_zona`
--

INSERT INTO `blog_tipo_zona` (`id_blog_tipo`, `nombre`) VALUES
(1, 'Interno'),
(2, 'Externo');

-- --------------------------------------------------------

--
-- Estructura de tabla para la tabla `galery_proy_items`
--

CREATE TABLE `galery_proy_items` (
  `id_galery_proy` int(11) NOT NULL,
  `descripcion` varchar(250) NOT NULL,
  `foto` text NOT NULL,
  `id_proyec_item` int(11) NOT NULL
) ENGINE=InnoDB DEFAULT CHARSET=utf8mb4 COLLATE=utf8mb4_general_ci;

--
-- Volcado de datos para la tabla `galery_proy_items`
--

INSERT INTO `galery_proy_items` (`id_galery_proy`, `descripcion`, `foto`, `id_proyec_item`) VALUES
(1, 'abajo', 'vista/imagenes/proyectsandservices/proyectos/ejemploGaleriaProyecto/porTipo/estudio-expediente/item1/1.jpg', 1),
(2, 'arriba', 'vista/imagenes/proyectsandservices/proyectos/ejemploGaleriaProyecto/porTipo/estudio-expediente/item1/2.jpg', 1),
(3, 'left', 'vista/imagenes/proyectsandservices/proyectos/ejemploGaleriaProyecto/porTipo/estudio-expediente/item1/3.jpg', 1),
(4, 'right', 'vista/imagenes/proyectsandservices/proyectos/ejemploGaleriaProyecto/porTipo/estudio-expediente/item1/4.jpg', 1),
(5, 'diagonal', 'vista/imagenes/proyectsandservices/proyectos/ejemploGaleriaProyecto/porTipo/estudio-expediente/item1/5.jpg', 1),
(6, 'abajo', 'vista/imagenes/proyectsandservices/proyectos/ejemploGaleriaProyecto/porSector/administracion/item6/1.jpg', 6),
(7, 'arriba', 'vista/imagenes/proyectsandservices/proyectos/ejemploGaleriaProyecto/porSector/administracion/item6/2.jpg', 6),
(8, 'left', 'vista/imagenes/proyectsandservices/proyectos/ejemploGaleriaProyecto/porSector/administracion/item6/3.jpg', 6),
(9, 'right', 'vista/imagenes/proyectsandservices/proyectos/ejemploGaleriaProyecto/porSector/administracion/item6/4.jpg', 6),
(10, 'diagonal', 'vista/imagenes/proyectsandservices/proyectos/ejemploGaleriaProyecto/porSector/administracion/item6/5.jpg', 6),
(11, 'transversal', 'vista/imagenes/proyectsandservices/proyectos/ejemploGaleriaProyecto/porSector/administracion/item6/6.jpg', 6);

-- --------------------------------------------------------

--
-- Estructura de tabla para la tabla `portada`
--

CREATE TABLE `portada` (
  `id_portada` int(11) NOT NULL,
  `titulo` text NOT NULL,
  `imagen` text NOT NULL,
  `fecha` timestamp NOT NULL DEFAULT current_timestamp() ON UPDATE current_timestamp(),
  `autor` varchar(256) NOT NULL
) ENGINE=InnoDB DEFAULT CHARSET=utf8mb4 COLLATE=utf8mb4_general_ci;

--
-- Volcado de datos para la tabla `portada`
--

INSERT INTO `portada` (`id_portada`, `titulo`, `imagen`, `fecha`, `autor`) VALUES
(1, 'Expediente Técnico del Proyecto de Inversión Pública - Ampliación de los Servicios de Oncología y Hemodiálisis del Hospital de Cajamarca.', 'vista/imagenes/inicio/portada/1.jpg', '2023-02-19 10:39:24', 'admin'),
(2, 'Servicio de Consultoría de Supervisión de los Procesos de Calidad (QS) y de la Seguridad, Salud Ocupacional y Medio Ambiente (SSOMA) de los proyectos: Hospital San Juan de Matucama.', 'vista/imagenes/inicio/portada/2.jpg', '2023-02-19 10:39:36', 'admin'),
(3, 'Plan de Ordenamiento Territorial Iberia-Iñapari INADE.', 'vista/imagenes/inicio/portada/3.jpg', '2023-02-19 10:39:36', 'admin'),
(4, 'Estudio de Pre inversión y Estudios Definitivos para la formulación del Proyecto Creación del Centro Panamericano de Tabla, Distrito de Punta Negra, Departamento de Lima.', 'vista/imagenes/inicio/portada/4.jpg', '2023-02-19 10:48:53', 'admin'),
(5, 'Elaboración de Estudio de Factibilidad y Expediente Técnico para el proyecto: \"Fortalecimiento de la capacidad resolutiva del hospital regional Manuel Núñez Butron\"', 'vista/imagenes/inicio/portada/5.jpg', '2023-02-19 10:48:53', 'admin'),
(6, 'Mejoramiento de la Capacidad Operativa y Resolutiva del Hospital Regional  Docente de Trujillo Categoría III, con énfasis en la atención de emergencias – Trujillo – La Libertad.', 'vista/imagenes/inicio/portada/6.jpg', '2023-02-21 20:43:04', 'admin'),
(7, 'Mejoramiento de los servicios de espectáculo deportivo de alta competencia en el Parque Zonal Yahuar Huaca, distrito de Bellavista, región Callao.', 'vista/imagenes/inicio/portada/7.jpg', '2023-02-19 10:52:14', 'admin'),
(8, 'Servicio de Consultoría de Obra “Supervisión de Obra Mejoramiento de Los Servicios de Salud del Centro Asistencial Chincheros de Essalud, Distrito de Chincheros, Provincia de Chincheros, Departamento de Apurímac”', 'vista/imagenes/inicio/portada/8.jpg', '2023-02-19 10:56:06', 'admin');

-- --------------------------------------------------------

--
-- Estructura de tabla para la tabla `proyectos`
--

CREATE TABLE `proyectos` (
  `id_proyecto` int(11) NOT NULL,
  `nombre` varchar(30) NOT NULL,
  `descripcion` text NOT NULL,
  `portada` text NOT NULL
) ENGINE=InnoDB DEFAULT CHARSET=utf8mb4 COLLATE=utf8mb4_general_ci;

--
-- Volcado de datos para la tabla `proyectos`
--

INSERT INTO `proyectos` (`id_proyecto`, `nombre`, `descripcion`, `portada`) VALUES
(1, 'Por Tipo', 'INDECONSULT S.A. desarrolla diversos proyectos divididos por tipo y sector. <br>\r\nDentro de los proyectos por tipo, encontramos: proyectos de Estudio Definitivo / Expediente Técnico, Plan, Zonificación o Desarrollo, Pre-Inversión y Supervisión,', 'vista/imagenes/proyectsandservices/proyectos/eleccionPortada/proyecto-1-portada.jpg'),
(2, 'Por Sector', 'INDECONSULT S.A. ha desarrollado diversos proyectos, los cuales están divididos por tipo y sector. <br>\r\nDentro de los proyectos por sector, están divididos en diferentes categorías:  Administración, Portuarios, Salud, Viales, Otras Edificaciones.', 'vista/imagenes/proyectsandservices/proyectos/eleccionPortada/proyecto-2-portada.jpg');

-- --------------------------------------------------------

--
-- Estructura de tabla para la tabla `proyec_items`
--

CREATE TABLE `proyec_items` (
  `id_proyec_item` int(11) NOT NULL,
  `titulo` varchar(255) NOT NULL,
  `descripcion` text NOT NULL,
  `foto` text NOT NULL,
  `id_proyecto` int(11) NOT NULL,
  `id_proy_ts` int(11) NOT NULL
) ENGINE=InnoDB DEFAULT CHARSET=utf8mb4 COLLATE=utf8mb4_general_ci;

--
-- Volcado de datos para la tabla `proyec_items`
--

INSERT INTO `proyec_items` (`id_proyec_item`, `titulo`, `descripcion`, `foto`, `id_proyecto`, `id_proy_ts`) VALUES
(1, 'Expediente Técnico para la Ampliación y Mejoramiento del Hospital de Moquegua', 'Por encargo del Ejecutor de la Obra se desarrolló el Expediente Técnico para la ampliación y Mejoramiento del Hospital de Moquegua, se desarrolló los anteproyectos y estudios definitivos de todas las especialidades.', 'vista/imagenes/proyectsandservices/proyectos/tipo/estudio-expediente/2015/proyecto-tipo-1.jpg', 1, 1),
(2, 'Fortalecimiento de la Capacidad Resolutiva del Hospital Reg. Miguel Mariscal – Ayacucho', 'Por encargo del Gobierno Regional de Ayacucho hemos desarrollado la Elaboración del Estudio a Nivel de Factibilidad y el Estudio Definitivo del Proyecto: Fortalecimiento de la Capacidad Resolutiva del Hospital Regional Miguel Ángel Mariscal Llerena de AYACUCHO. <br>\nSe planificó un hospital con 33 consultorios físicos, 135 camas de hospitalización, 3 quirófanos de cirugía mayor y 2 de cirugía menor entre otros. <br>\nEl proyecto implica una inversión de cerca de 50 millones de dólares y un área construida de más de 23 mil metros cuadrados. <br>\nEl proyecto incluye tanto la infraestructura como el equipamiento para el cumplimiento de su función a nivel regional.', 'vista/imagenes/proyectsandservices/proyectos/tipo/estudio-expediente/2015/proyecto-tipo-2.jpg', 1, 1),
(3, 'Construcción de Local del Hospital de Apoyo Nuestra Sra. de las Mercedes, Paita – Piura', 'Construcción Nuevo Local del Hospital de Apoyo Nuestra Señora de las Mercedes, II Nivel de Atención, 5° Nivel de Complejidad, Paita – Piura, por encargo del UNOPS se ha realizado el diseño del nuevo Hospital de Paita, el proyecto cuenta con 75 camas, se ha planteado la construcción de dos módulos, uno destinado a las especialidades de medicina y cirugía. <br>\nEl terreno donde se edificará el Hospital está ubicado en la Av. Miguel Grau, lote único 01 de la Manzana H de la Zona Industrial II Complementaria con frente a la carretera Piura – Paita (Km 47) cuenta con un área total de 40,000.00 m2, y perímetro de 800 ml. <br>\nEl Proyecto de Inversión con un costo total de S/. 44’714,890.00 para la construcción de la Infraestructura y equipamiento.', 'vista/imagenes/proyectsandservices/proyectos/tipo/estudio-expediente/2015/proyecto-tipo-3.jpg', 1, 1),
(4, 'Fortalecimiento de la Atención de los Servicios de Salud en el Hospital de Andahuaylas', 'Elaboración del Expediente Técnico (Obra y Equipamiento) y el Estudio Definitivo a Nivel de Obra para el Fortalecimiento de la Atención de los Servicios de Salud en el Segundo Nivel de Atención, Categoría II-2, 6º Nivel de Complejidad Hospital de Andahuaylas.', 'vista/imagenes/proyectsandservices/proyectos/tipo/estudio-expediente/2015/proyecto-tipo-4.jpg', 1, 1),
(5, 'Mejoramiento de la Capacidad Resolutiva de sede principal Ministerio Público – DJ Tacna', 'El objetivo del proyecto es la Remodelación y Acondicionamiento de la parte frontal y posterior a fin de que la Entidad pueda cumplir en forma eficaz con sus funciones administrativas y operativas.', 'vista/imagenes/proyectsandservices/proyectos/tipo/estudio-expediente/2015/proyecto-tipo-5.jpg', 1, 1),
(6, 'Expediente Técnico Refacción y acondicionamiento de puesto de control Tomasiri – Tacna', 'Elaboración del Expediente Técnico para la Refacción y Acondicionamiento del Puesto de Control Tomasiri – Tacna. Ubicado en la Carretera Panamericana Sur KM. 1257, Distritos de Sama e Inclan, Provincia y Departamento de Tacna. Cuenta con un área de 101,949.48 m2. <br>\nDentro de los problemas de infraestructura más importantes que deben ser resueltos están: el abastecimiento de agua, mediante un sistema de potabilización, la necesidad de habilitar nuevas vías de circulación para un mejor control vehicular, básicamente del transporte de carga, el contar con un nuevo depósito de vehículos incautados y contar con nuevas plataformas de descarga, así como contar con un nuevo Almacén de Mercadería Inflamable y techar un almacén que se encuentre sin protección. <br>\nEl monto de inversión es de S/. 3´233,912.91 nuevos soles.', 'vista/imagenes/proyectsandservices/proyectos/tipo/estudio-expediente/2015/proyecto-tipo-6.jpg', 1, 1),
(7, 'Expediente Técnico para la Construcción de Sede de Of. Zonal SUNAT – Cajamarca', 'Elaboración del Expediente Técnico para la Construcción de la Sede de la Oficina Zonal de SUNAT – Cajamarca. El proyecto se encuentra ubicado en el departamento de Cajamarca, en la Provincia del mismo nombre, en el distrito de Cajamarca. El área total que ocupa el terreno es de 1,049.89 m2. <br>\nEl Proyecto contempla la edificación de un edificio de 3 plantas, en las cuales se distribuirán los ambientes necesarios de acuerdo a las necesidades estimadas.', 'vista/imagenes/proyectsandservices/proyectos/tipo/estudio-expediente/2015/proyecto-tipo-7.jpg', 1, 1),
(8, 'Fortalecimiento de los Servicios de Salud del Hospital Santiago Apóstol de Utcubamba', 'Elaboración del Expediente Técnico: Fortalecimiento de la Capacidad Resolutiva de los Servicios de Salud del Hospital Santiago Apóstol de la provincia de Utcubamba, Región Amazonas.', 'vista/imagenes/proyectsandservices/proyectos/tipo/estudio-expediente/2015/proyecto-tipo-8.jpg', 1, 1),
(9, 'Expediente Técnico para el nuevo Hospital Nivel II-2 José Mendoza Olavarria – Tumbes', 'Por encargo del Gobierno Regional de Tumbes se desarrolló el Expediente Técnico José Alfredo Mendoza Olavarría, Hospital II-2. El Hospital proyecto incluye Centro Quirúrgico, Salas de Partos, Consulta Externa, Hospitalización y servicios para Ayuda al Diagnóstico. <br>\nEl hospital fue presupuestado por una inversión de 35 millones de dólares.', 'vista/imagenes/proyectsandservices/proyectos/tipo/estudio-expediente/2015/proyecto-tipo-9.jpg', 1, 1),
(10, 'Estudio Mejoramiento de las Vías de Acceso al Centro Arqueológico de Caral-Supe', 'El Ministerio de Transporte nos encargó el desarrollo de los expedientes técnicos para la construcción de caminos vecinales que permiten el acceso a las ruinas arqueológicas de Caral, de manera específica los tramos estudiados son:  Tramo I: Emp. R001N-Llamahuaca 16.80 KM y Tramo II: Llamahuaca-Caral 7.70 KM. <br>\nSe desarrollaron todos los estudios de ingeniería requeridos, incluidos los estudios de impacto ambiental y los talleres de participación ciudadana.', 'vista/imagenes/proyectsandservices/proyectos/tipo/estudio-expediente/2015/proyecto-tipo-10.jpg', 1, 1),
(11, 'Construcción del Nuevo Establecimiento Penitenciario de Tarapoto – San Martín', 'El Ministerio de Justicia, de acuerdo con la política del Gobierno se ha propuesto mejorar las condiciones de habitabilidad de la población penal, mediante la construcción de un nuevo establecimiento penitenciario para albergar una población de 616 internos y 20 internas. El terreno donde se ubica el proyecto se encuentra en la zona de las Pampas de Sanaguillo del Distrito de Banda de Shilcayo, Provincia de Tarapoto, Región de San Martín. <br>\nEl expediente se desarrolla a nivel de expediente de obra.', 'vista/imagenes/proyectsandservices/proyectos/tipo/estudio-expediente/2015/proyecto-tipo-11.jpg', 1, 1),
(12, 'Construcción y Equipamiento del Hospital de Ventanilla – Callao', 'El nuevo Hospital cuenta con un área de terreno real de 8922.63 m2 ubicado en la urbanización Satélite del Distrito de Ventanilla, Provincia Constitucional del Callao. <br>\nEl expediente desarrolla la Obra civil en sus especialidades: Arquitectura, Estructuras, Instalaciones Sanitarias, Eléctricas y Mecánicas. Además, se desarrolla el equipamiento médico y clínico, así como el mobiliario del establecimiento.', 'vista/imagenes/proyectsandservices/proyectos/tipo/estudio-expediente/2015/proyecto-tipo-12.jpg', 1, 1),
(13, 'Planes y Estudio de AT y OT de tres ejes viales en Huancavelica', 'Instituto de Consultoría S.A elaboró los planes y estudio de acondicionamiento y ordenamiento territorial de tres Ejes Viales en Huancavelica: Licapa – Lircay, Acobamba – La Mejorada, Huancavelica – Izcuchaca. Su implementación significa un área de influencia que comprende 23 distritos y 288 centros poblados.\n<br>\nEl proyecto consistió en efectuar Fase de Análisis y  Diagnóstico Territorial, Fase Prospectiva – Planificación del Territorio y Fase de Implementación.\n<br>\nEn este caso el enfoque fue el identificar las áreas beneficiadas de las inversiones viales implementadas, evaluando y realizando un diagnostico de las actividades productivas y las restricciones que ellas presentan para su desarrollo. Se utilizo como instrumento básico la ZEE.', 'vista/imagenes/proyectsandservices/proyectos/tipo/zonificacion/2015/proyecto-zonificacion-1.jpg', 1, 2),
(14, 'Supervisión de la Zonificación Económica Ecológica del Eje 5 Distrito de Río Santiago en Amazonas', 'Instituto de Consultoría S.A fue elegido por Provías Descentralizado – MTC para supervisar la Zonificación Económica Ecológica del Eje 5 Distrito de Río Santiago en Amazonas.', 'vista/imagenes/proyectsandservices/proyectos/tipo/zonificacion/2015/proyecto-zonificacion-2.jpg', 1, 2),
(15, 'Elaboración del Estudio \"Plan de Desarrollo Urbano de Pucallpa\"', 'Instituto de Consultoría S.A fue elegido por la Municipalidad Provincial de Coronel Portillo para la elaboración del Estudio \"Plan de Desarrollo Urbano de Pucallpa\".', 'vista/imagenes/proyectsandservices/proyectos/tipo/zonificacion/2015/proyecto-zonificacion-3.jpg', 1, 2),
(16, 'Plan de Acondicionamiento Territorial de Coronel Portillo', 'Proyecto priorizado por la Municipalidad  Provincial de Coronel Portillo-MPCP, por cuanto le permite aplicar instrumentos de planificación que le permitan el aprovechamiento sostenible de los recursos naturales, la distribución equilibrada de la población y el desarrollo de la inversión pública y privada en los ámbitos urbano y rural de la Provincia de Coronel Portillo.\n<br>\nEl Plan implicó desarrollar la siguiente temática:\n<br>\nAnálisis territorial: configuración física-geográfica, Vulnerabilidades territoriales frente a agentes naturales, Distribución y características de los asentamientos y las actividades, entre otros.\n<br>\nDiagnóstico: Modelo territorial actual (infraestructura, usos del suelo, etc.)<br>\nZonificación Ecológica y Económica.<br>\nObjetivos y Modelo Territorial deseable.<br>\nPolíticas y Estrategias Territoriales y Desarrollo Urbano.\n<br>\nModelo de Gestión Concertada para el Ordenamiento Territorial y el Desarrollo Urbano de Pucallpa, Campo Verde, Macisea, e Iparia.<br>\nCaracterización, problemas y posibilidades del territorio ZEE,  identificación de riesgos y vulnerabilidad:\n<br>\nPlan de Acondicionamiento Territorial<br>\nPropuesta de Acondicionamiento Territorial.\n<br>\nPropuesta de desarrollo urbano:  Pucallpa, Campoverde, Nueva Requena, Masisea, Iparía \n<br>\nPrograma se Inversiones \n<br>\nImplementación de un SIG.', 'vista/imagenes/proyectsandservices/proyectos/tipo/zonificacion/2015/proyecto-zonificacion-4.jpg', 1, 2),
(17, 'Plan de Ordenamiento Territorial Iberia-Iñapari INADE', 'El Área Iberia e Iñapari, perteneciente a la provincia del Tahuamanu, es muy importante para el desarrollo del Departamento de Madre de Dios, por ser parte de una región trinacional, Bolivia, Perú y Brasil.\n<br>\nEl POT Iberia e Iñapari permite planificar los usos del territorio del Área Iberia – Iñapari y orientar los procesos de ocupación del mismo. Incluyo el plan urbano. Por su carácter integral, participativo, democrático y prospectivo, el Plan permitió articular en el espacio tanto los aspectos sectoriales, a través de la proyección espacial de las políticas ambientales, sociales, culturales y económicas, como los aspectos territoriales uso y ocupación. <br>\nEl estudio abarcó tanto el tema de ordenamiento a nivel macro, provincial y el identificar las áreas urbanas y realizar un diagnóstico y propuesta más precisa. <br>\nEl plan se realizó con una visión participativa y contó con la aprobación de las autoridades locales y nacionales. <br>\nImplicó la implementación de procedimientos de ZEE a efecto de identificar las potencialidades del ámbito estudiado.', 'vista/imagenes/proyectsandservices/proyectos/tipo/zonificacion/2015/proyecto-zonificacion-5.jpg', 1, 2),
(18, 'Actualización y Levantamiento Catastral en S. J. de Lurigancho', 'El proyecto tuvo como objetivo principal contar con un Sistema Catastral Urbano en el distrito de San Juan de Lurigancho, sobre un área urbana de 2200 ha. <br>\nAsimismo, mejorar el sistema y procedimiento de información sobre el universo de contribuyentes, según el estado de sus predios en forma general.', 'vista/imagenes/proyectsandservices/proyectos/tipo/zonificacion/2015/proyecto-zonificacion-6.jpg', 1, 2),
(19, 'Estudios de Corredores de Desarrollo en Región Ayacucho', 'El proyecto tenía el objetivo identificar corredores de desarrollo en el departamento de Ayacucho, a efecto de vincularlo a los departamentos vecinos que tienen mayor dinámica, de forma que se genere más producción en la zona y por ende el mejoramiento de las condiciones de vida de la población. <br>\nEl Corredor de Desarrollo definido tiene una extensión de 29 235 km2, que representa el 66,7% del total de la superficie del departamento de Ayacucho, equivalente a 43 814 km2. El ámbito del Corredor comprendió 74 distritos. <br>\nImplicó la implementación de las metodologías propias del ordenamiento territorial incluida una macrozonificación económica ecológica. <br>\nPara el estudio del Corredor de Desarrollo se tomó en cuenta los siguientes criterios: grado de accesibilidad; la distribución de la población considerando los núcleos urbanos, localización de las actividades económicas; localización del equipamiento social de mayor nivel jerárquico y la identificación de las áreas de influencia de las ciudades más importantes; entre los más relevantes.', 'vista/imagenes/proyectsandservices/proyectos/tipo/zonificacion/2015/proyecto-zonificacion-7.jpg\r\n\r\n', 1, 2),
(20, 'Plan de AT y Plan de Desarrollo Urbano de Región Arequipa', 'El Estudio del Diagnóstico para el Plan de Acondicionamiento Territorial de la Provincia de Arequipa, consistió en caracterizar, clasificar, espacializar, sintetizar y evaluar los sistemas administrativo-institucional, biofísico, social, económico y territorial para que en la etapa de propuesta se pueda identificar las potencialidades y organizar el territorio para hacer un uso y aprovechamiento sostenible del mismo. <br>\nEn el Diagnóstico para el Plan de Desarrollo Urbano de la Ciudad de Arequipa se determinó las tendencias, desequilibrios y potencialidades urbanas, a partir de las caracterizaciones socio – económica, físico ¬espacial, geográfico – ambiental e institucional de Arequipa. <br>\nPara que en la siguiente fase se oriente la toma de decisiones y la promoción del concurso de los diferentes agentes del desarrollo urbano. <br>\nLa finalidad de ambos estudios fue proporcionar a la Municipalidad Provincial de Arequipa los diagnósticos de la Provincia de Arequipa y de la Ciudad de Arequipa para permitirle en una siguiente fase obtener el Plan de Acondicionamiento Territorial de la Provincia de Arequipa y el Plan de Desarrollo Urbano de la Ciudad de Arequipa.', 'vista/imagenes/proyectsandservices/proyectos/tipo/zonificacion/2015/proyecto-zonificacion-8.jpg', 1, 2),
(21, 'E. F. Construcción de nuevo Establecimiento Penitenciario de Huaral II', 'Servicio de Consultoría: Estudio de Pre Inversión a Nivel de Factibilidad del Proyecto: “Construcción del Nuevo Establecimiento Penitenciario de Huaral II”. <br>\nEl estudio se desarrolló por encargo del INPE según las normas del sistema nacional de inversión pública a nivel de factibilidad. El proyecto se ubica en el distrito de Aucallama en la provincia de Huaraz, departamento de Lima. <br>\nSe estimó la oferta y demanda por servicios penitenciarios, el cual al corresponder a un multiproducto implico estudiar los servicios de: Albergue, del Sistema de Tratamiento (Servicio Legal, Servicios de Salud, Servicios de Psicología y Servicio Social, Trabajo, Educación), servicio de seguridad (Ingresos, visitas y revisiones), administración (Agua y energía). <br>\nEl proyecto se diseñó para 2016 reos, y la propuesta arquitectónica se desarrolla en 2 niveles con 56 mil metros cuadrados de área construida. Dicha propuesta planteo la construcción de un Centro de Salud con hospitalización con un área de 1000 m2, un tratamiento desintoxicación de drogas, un área de juzgamiento, residencia y lugares para el desarrollo de las actividades educativas y talleres. <br>\nLa propuesta plantea un Penal con 4 Unidades Penitenciarias (3 para varones y 1 para mujeres), ingreso único y ubicación de las Unidades Penitenciarias; con doce (12) exclusas y 13 torreones de vigilancia. Esta Alternativa de Penal tiene un sola Administración.  Asimismo, de todos los servicios que requiere este establecimiento según las normas penitenciarias. <br>\nEl proyecto implica una inversión de 78 millones de soles.', 'vista/imagenes/proyectsandservices/servicios/preinvesion/2015/servicio-preinvesrion-1.jpg', 1, 3),
(22, 'E. F. Construcción de Etapa II del Complejo Penitenciario Piedras Gordas II', 'Elaboración del Estudio a Nivel de Factibilidad del Proyecto: “Construcción del Establecimiento Penitenciario de la Segunda Etapa del Complejo Penitenciario de Piedras Gordas II para 2200 Internos”. <br>\nEl estudio se desarrolló por encargo del INPE según las normas del sistema nacional de inversión pública a nivel de factibilidad. El proyecto se ubica en el distrito de Ancon en la provincia de Lima. <br>\n Se estimó la oferta y demanda por servicios penitenciarios, el cual al corresponder a un multiproducto implico estudiar los servicios de: Albergue, del Sistema de Tratamiento (Servicio Legal, Servicios de Salud, Servicios de Psicología y Servicio Social, Trabajo, Educación), servicio de seguridad (Ingresos, visitas y revisiones), administración (Agua y energía). <br>\n El proyecto se diseñó para 2200 reos, y la propuesta arquitectónica consta de 4 establecimientos pequeños, en cada mini establecimiento existe 3 pabellones de dos pisos, cada establecimiento al interior tiene una capacidad para albergar 550 internos. <br>\n El proyecto implica una inversión de 65 millones de soles.', 'vista/imagenes/proyectsandservices/proyectos/tipo/pre-inversion/2015/proyecto-tipo-preinversion-2.jpg', 1, 3),
(23, 'E. F. Redimensionamiento de los Servicios de Salud del Hospital de Apoyo III Sullana', 'Servicio de Consultoría para la Elaboración del Estudio de Factibilidad del PIP: Redimensionamiento de los Servicios de Salud del Hospital de Apoyo III Sullana. <br>\nPor encargo del Gobierno Regional se desarrolló el Estudio de Factibilidad según las normas del Sistema Nacional de Inversión Pública. <br>\nPara su desarrollo se implementó diversos instrumentos entre ellos una encuesta poblacional en el área de influencia directa, y encuestas de calidad a los usuarios del hospital. La demanda se estudió a nivel de cada red de servicios y nivel de complejidad, en cada una de ellas se determina el área de influencia y dimensionamiento de la demanda para los tres niveles de complejidad. <br>\nPor el lado de la oferta se analizó la infraestructura existente realizándose pruebas especiales a efecto de garantizar la operatividad de las mismas. <br>\nEl programa médico implementado ha planificado un hospital de nivel II.2, entre los principales recursos tenemos: construcción de 17 consultorios físicos, unidad de exploraciones especiales, unidad de diagnóstico por imágenes, 6 consultorios y 11 camas de observación en emergencia, 122 camas de hospitalización, 24 camas de puerperio, 3 centros quirúrgicos para cirugía mayor, 2 quirófanos de cirugía menor. <br>\nÁrea Construida: 13,181.40 m2. La inversión propuesta asciende a 80 millones de nuevos soles.', 'vista/imagenes/proyectsandservices/proyectos/tipo/pre-inversion/2015/proyecto-tipo-preinversion-3.jpg', 1, 3),
(24, 'E. F. Construcción del Establecimiento Penitenciario de Cañete II', 'Servicio de Consultoría: Elaboración del Estudio a Nivel de Factibilidad del Proyecto “Construcción del Establecimiento Penitenciario de Cañete II”. <br>\nEl estudio se desarrolló por encargo del INPE según las normas del sistema nacional de inversión pública a nivel de factibilidad. El proyecto se ubica en el distrito de Nuevo Imperial en la provincia de Cañete. <br>\nSe estimó la oferta y demanda por servicios penitenciarios, el cual al corresponder a un multiproducto implico estudiar los servicios de: Albergue, del Sistema de Tratamiento (Servicio Legal, Servicios de Salud, Servicios de Psicología y Servicio Social, Trabajo, Educación), servicio de seguridad (Ingresos, visitas y revisiones), administración (Agua y energía). <br>\n El proyecto se diseñó para 2016 reos, y la propuesta arquitectónica se desarrolla en 2 niveles con 46 mil metros cuadrados de área construida. Dicha propuesta planteo la construcción de un Centro de Salud 835 m2, un tratamiento desintoxicación de drogas, un área de juzgamiento, residencia y lugares para el desarrollo de las actividades educativas y talleres. <br>\n Este anteproyecto plantea una infraestructura de internamiento compuesta de (4) cuatro unidades penitenciarias albergando una población penal final de 2,016 internos. Cada unidad penitenciaria cuenta con cuatro pabellones de internamiento de dos pisos cada uno, con áreas para celdas, áreas para talleres del tipo semi-industrial; áreas recreativas y de culto, así como áreas para el servicio de mantenimiento y almacenes; incluyéndose áreas para cocina y lavandería. Sistema de captación de agua de canal y tratamiento de aguas servidas con lagunas de estabilización. <br>\nEl proyecto implica una inversión de 70 millones de soles. ', 'vista/imagenes/proyectsandservices/proyectos/tipo/pre-inversion/2015/proyecto-tipo-preinversion-4.jpg', 1, 3),
(25, 'Estudio de Perfil Integral de Inversión Hospital de Santa Rosa de Puerto Maldonado', 'Elaboración del Estudio de Preinversión a nivel de Perfil Integral de inversión pública Hospital de Santa Rosa de Puerto Maldonado. <br> \nPor encargo del Hospital se desarrolló el Perfil recargado para la ampliación y remodelación de los servicios del Hospital. El nivel propuesto del hospital es II, proponiéndose 6751 m2 de área nueva y 2573 de remodelación. <br>\nEl estudio determinó la viabilidad de la inversión con un monto de 46 millones de soles. ', 'vista/imagenes/proyectsandservices/proyectos/tipo/pre-inversion/2015/proyecto-tipo-preinversion-5.jpg', 1, 3),
(26, 'Estudios de Perfil y Factibilidad del Hospital Regional de Lambayeque', 'Instituto de Consultoría S.A. ha seguido el desarrollo de esta obra pública desde su identificación a nivel de Perfil, implementando luego el Estudio de Factibilidad y finalmente ejecutando la Supervisión de la Obra y el Equipamiento el 2010. <br>\nEl proyecto implica: 47 consultorios físicos, 168 camas, 20 camas de puerperio, 5 quirófanos. Todo el proyecto implica un área construida de más de 27 mil metros cuadrados y un presupuesto de cerca de 70 millones de dólares.', 'vista/imagenes/proyectsandservices/proyectos/tipo/pre-inversion/2015/proyecto-tipo-preinversion-6.jpg', 1, 3),
(27, 'E. F. Ampliación y Remodelación del Establecimiento Penitenciario de Tacna', 'Estudio de Preinversión a nivel de factibilidad del proyecto “Ampliación y Remodelación del Establecimiento Penitenciario de Tacna”. SNIP Nº 74779. El estudio se desarrolló por encargo del INPE según las normas del sistema nacional de inversión pública a nivel de factibilidad. El proyecto se ubica en el distrito de POCOLLAY en la provincia de Tacna. <br>\nSe estimó la oferta y demanda por servicios penitenciarios, el cual al corresponder a un multiproducto implico estudiar los servicios de: Albergue, del Sistema de Tratamiento (Servicio Legal, Servicios de Salud, Servicios de Psicología y Servicio Social, Trabajo, Educación), servicio de seguridad (Ingresos, visitas y revisiones), administración (Agua y energía). <br>\nConsiste en la construcción de cinco unidades penitenciarias, de 256 internos c/u, albergando una población total de 1280 internos; cada unidad consta de dos pabellones de internamiento (de dos pisos). Se considera para la I Etapa la construcción de 3 unidades penitenciarias, construcción de talleres, CETPROS, SUM (sala de usos múltiples), construcción de losa deportiva y control de ingreso; la remodelación de oficinas de tratamiento, rehabilitación de cocina, implementación de ambientes para administración y para seguridad en el actual pabellón 5, demolición del pabellón administrativo, reparación y mantenimiento de servicios básicos, construcción de veredas. Se incluirá la implementación de mobiliario y equipamiento e incorporación de recursos humanos. Estas intervenciones propiciarán el reordenamiento de la infraestructura existente, zonificando las áreas de internamiento, tratamiento y seguridad independientemente. En la II Etapa se construirán 2 unidades penitenciarias y se demolerá el pabellón antiguo que quedaba en uso de 80 internos. El área construida es de 7.7 mil metros cuadrados. <br>\nEl proyecto implica una inversión de 28 millones de soles.', 'vista/imagenes/proyectsandservices/proyectos/tipo/pre-inversion/2015/proyecto-tipo-preinversion-7.jpg', 1, 3),
(28, 'Estudio de Perfil Mejoramiento de Carretera Vecinal Ilabaya-Cambaya-Camilaca', 'Servicio de Consultoría para la elaboración de Estudio de Perfil del Proyecto: Mejoramiento de la Carretera Vecinal Ilabaya-Cambaya-Camilaca. <br>\nEl Proyecto se localiza en la Región Tacna, Provincia de Jorge Basaadre, en el Distrito de Ilabaya-Camilaca, y busca Mejorar la Calidad de Vida de la Población del Eje Ilabaya Cambaya-Camilaca beneficiando a 3730 personas. El estudio se desarrolló en 2 tramos: tramo I Ilabaya-Cambaya (22.50 Km), y tramo II Cambaya-Camilaca (19.20 Km). <br>\nEl estudio desarrollado a nivel de perfil según las normas del sistema nacional de inversión pública, recomendó una carretera A Nivel de (TSB) Tratamiento Superficial Bicapa, una base de 0.20 m. y subbase de 0.20 m., ensanchando la plataforma en 7.60 m. y mejorando las pendientes superiores a 12%. Además, comprende la construcción de los puentes Chejaya y Cambaya, el mejoramiento del sistema de drenaje en toda la carretera y la construcción de obras para la estabilización de taludes. <br>\nLa inversión propuesta asciende a 54 millones de soles.', '\nvista/imagenes/proyectsandservices/proyectos/tipo/pre-inversion/2015/proyecto-tipo-preinversion-8.jpg', 1, 3),
(29, 'Estudio de Perfil del Terminal Portuario de Pijuayal, Putumayo – Maynas', 'El Estudio se desarrolló por encargo de la Autoridad Portuaria Nacional, para que se desarrolle según las normas del sistema nacional de inversión pública.\nEl proyecto se desarrolla en la localidad de Pebas distrito de Putumayo, Provincia de MAYNAS, departamento de Loreto. El estudio determinó que por condiciones físicas es mejor reubicar el puerto de la localidad de Pijuayal a la zona de Nuevo Pebas. La determinación y análisis del área de influencia se realizó considerando la competencia interportaria. <br>\nEl proyecto tiene la ventaja de ofrecer un intercambio modal de las naves que llegan del atlántico con naves menores que provengan de Perú, este puerto se constituye en una solución alternativa al puerto de Iquitos el cual ya perdió la posibilidad física de atender naves de gran calado. <br>\nEl puerto se ubica en la margen izquierda del río Amazonas, situada en una ribera alta no inundable, cuya superficie es ondulada la misma que es amplia y sin drenajes, favoreciendo el terraplenado para la construcción de obras en tierra. El muelle está conformado por un pontón central de 40 m de largo 20m de ancho y 2 m de puntal, además se ha incluido un pontón de popa de 5 m de eslora 20 m de ancho y 2 m de puntal y el pontón de proa de forma pentagonal de 22m de eslora, 20m de anacho y 2 m de puntal, adicionalmente el muelle flotante se le incluye otros elementos que determinan las obras de río que están constituidos por el pontón de apoyo de 16 m de largo, 6 m de ancho y 2 m de puntal y el puente basculante de 60 m de largo 4.5 m de ancho, el puente se apoyará en su extremo en tierra sobre un estribo de mortero armado cimentado sobre pilotes de acero y en su extremo en río sobre un pontón de apoyo adyacente al muelle, así mismo el muelle estar unido a través de cables sujetos a macizos de anclajes, con anclas fondeadas en el lecho y se une con cadenas estar sujeto en su extremo a winches que controlan la tensión del anclaje, además se aplicará geotextiles para proteger de la ribera para los macizos y anclajes, también incluye obras para protección de palizadas, el muelle constará de un amarradero así como obras en tierra con sus respectivos almacenes. <br>\nLa inversión propuesta es de 30 millones de soles.', 'vista/imagenes/proyectsandservices/proyectos/tipo/pre-inversion/2015/proyecto-tipo-preinversion-9.jpg', 1, 3),
(30, 'Evaluación del E. F. Mejoramiento de la Av. Néstor Gambetta – Callao', 'Contratación del Servicio de Consultoría Evaluación del Estudio de Factibilidad del Proyecto de Inversión Pública “Mejoramiento de la Av. Néstor Gambeta – Callao”. SNIP No 48115. El Gobierno Regional nos contrató para apoyar a la OPI de la región a efecto de que puedan evaluar en el marco del SNIP el estudio de factibilidad a efecto de determinar si correspondía darle la viabilidad. <br>\nEl proyecto busca obtener una eficiente transitabilidad y bajos índices de congestionamiento y accidentabilidad de la Vía Nestor Gambetta. <br>\nEl proyecto planteo lo siguiente:   Construcción de 28 km a nivel de Carpeta Asfáltica en Caliente Modificada con Polímeros – CAC con dos calzadas de 7.00 mts. y 10.50 mts de ancho, y cada calzada con dos y tres carriles de 3.50 m. cada uno, bermas laterales de ancho variable según las dimensiones de la sección vial a lo largo de la Avenida. Complementariamente se plantea la construcción de Distribuidores Viales, Vías Auxiliares, Puentes Vehiculares y Peatonales, Paraderos, trabajos de señalización horizontal, vertical, y semaforización.', 'vista/imagenes/proyectsandservices/proyectos/tipo/pre-inversion/2015/proyecto-tipo-preinversion-10.jpg', 1, 3),
(31, 'Estudio de Perfil del Terminal Portuario de Saramiriza, Datem del Marañón', 'Contratación de una consultoría para la Elaboración del Perfil del Terminal Portuario de Sarameriza. SNIP No 118682. El estudio se desarrolló por encargo de la Autoridad Portuaria Nacional, para que se desarrolle el estudio según las normas del sistema nacional de inversión pública y según la inversión se consiga la viabilidad de la inversión propuesta. <br>\nEl proyecto se desarrolla en el distrito de Manseriche, en la provincia del Datem del Marañón, departamento de Loreto. El proyecto tiene la ventaja de ofrecer un intercambio modal en un ámbito que incluso tiene más ventajas comparativas que el Terminal portuario de Yurimaguas. Se determinó el área de influencia del puerto considerando la competencia interportuaria. <br>\nLa propuesta seleccionada y finalmente viable recomienda la construcción de un embarcadero con facilidades en tierra como en río, para lo cual se tendrá en cuenta obras preliminares (agua, desagüe, electricidad y otros) construcción de un puente, muros de contención con pilotes de acero, morteros, aplicación de geotextiles para aplicar en el drenaje, así como también un puente basculante en posición transversal al estribo, un muelle flotante con anclajes, pontones y anclajes al río con winches de 10 ton. e instalación de anclaje de pontones flotante al río incluyendo dos winches de 15 ton. Entre otros. <br>\nLa inversión propuesta es de 8 millones de soles.', 'vista/imagenes/proyectsandservices/proyectos/tipo/pre-inversion/2015/proyecto-tipo-preinversion-11.jpg', 1, 3),
(32, 'E. P. de Puentes Chamaya, Nueva Unida, Olaechea, Numpatken, Uchichiangos y Yahuahua', 'Estudio de Preinversión a nivel de Perfil de los Puentes Chamaya, Nueva Unida, Olaechea, Numpatken, Chichiangos y Yahuahua y accesos, en el departamento de Amazonas. <br>\nEl área de estudio se encuentra ubicado en el distrito de Santa Maria de Nieva, provincia de Condorcanqui departamento de Amazonas. <br>\nEl proyecto tiene como objetivo evaluar la viabilidad de la inversión en 6 puentes en la zona de la comunidad indígena de los Aguajum. <br>\nLos estudios determinan la mejor alternativa para solucionar el problema de comunicación de los pobladores. <br>\nLos perfiles se desarrollaron según las normas del Sistema Nacional de Inversión Pública.', 'vista/imagenes/proyectsandservices/proyectos/tipo/pre-inversion/2015/proyecto-tipo-preinversion-12.jpg', 1, 3),
(33, 'Estudio de Factibilidad: Fortalecimiento de la Capacidad Resolutiva del Hospital Regional Miguel Ángel Mariscal Llerena de AYACUCHO', 'Por encargo del Gobierno Regional de Ayacucho hemos desarrollado el Estudio de Factibilidad y Expediente Técnico para la construcción del Hospital Regional. <br>\nSe planifico un hospital con 33 consultorios físicos, 135 camas de hospitalización, 3 quirófanos de cirugía mayor y 2 de cirugía menor entre otros. <br>\nEl proyecto implica una inversión de cerca de 50 millones de dólares y un área construida de más de 23 mil metros cuadrados. <br>\nEl proyecto incluye tanto la infraestructura como el equipamiento para el cumplimiento de su función a nivel regional.', 'vista/imagenes/proyectsandservices/proyectos/tipo/pre-inversion/2015/proyecto-tipo-preinversion-13.jpg', 1, 3),
(34, 'E. Factibilidad y Expediente Técnico del Terminal Terrestre de la ciudad de Trujillo', 'Recibimos el encargo de la Municipalidad Provincial para el desarrollo del Estudio de Factibilidad y Expediente Técnico del Terminal Terrestre de la ciudad de Trujillo. El terminal terrestre está previsto para atender más de 25 millones de pasajeros al año, con 38 andenes de entrada y salida. Incluye también un terminal de carga para la carga mayor. <br>\nEl estudio incluyó el desarrollo del Impacto vial correspondiente, así como el estudio de impacto ambiental requerido. Se plantea un terminal moderno que combina las funciones de transporte con las necesidades comerciales que son requeridas para funcionar como un terminal moderno. <br>\nEl proyecto implica un área construida de 20 000 metros cuadrados y una inversión aproximada de más de 35 millones de dólares. <br>\nEl proyecto incluye 2 puentes vías subterráneas para las entradas y salidas de buses y acceso subterráneo de pasajeros. Se desarrolló la propuesta de financiamiento, cálculo de tarifas y mecanismos para la promoción de la inversión privada.', 'vista/imagenes/proyectsandservices/proyectos/tipo/pre-inversion/2015/proyecto-tipo-preinversion-14.jpg', 1, 3),
(35, 'Estudio de Navegabilidad de Ríos Marañón y Amazonas Tramo: Saramiriza – Santa Rosa', 'El estudio tenía por objetivo elaborar un diagnóstico de la navegabilidad comercial en los ríos Marañón y Amazonas, con el fin de promover la utilización racional, ordenada, durante todo el año de la navegación fluvial, mejorando las condiciones del tráfico, aumentando la seguridad y preservando el medio ambiente de acuerdo a los criterios de desarrollo sustentable. El estudio concluyó con la elaboración del estudio de preinversión a nivel de perfil. <br>\nEl estudio, entre otros aspectos desarrollo lo siguiente: <br>\nDeterminación de los Parámetros hidráulicos, hidrológicos en las áreas con presencia de obstáculos a la navegación. <br>\nIdentificación de la ubicación y características de los obstáculos a la navegación. <br>\nIdentificación del Potencialidad comercial, identificando centros de producción y de consumo. <br>\nDefinición de la nave de diseño. <br>\nEvaluación y análisis del transporte fluvial. <br>\nInfraestructura portuaria y multimodal en el tramo en estudio. <br>\nElaboración de un Plan de Inversiones. <br>\nEstudio de Impacto Ambiental aprobado por la autoridad sectorial correspondiente. <br>\nElaboración de la Carta Electrónica de Navegación bajo las normas de la Organización Hidrográfica Internacional (OHI). <br>\nLa hidrovía tiene 1205 Km de longitud tramo comprendido entre la localidad de Saramiriza hasta Santa Rosa (punto fronterizo con Colombia y Brasil). Los estudios básicos desarrollados son los siguientes: <br>\nLevantamiento Topográfico. <br>\nLevantamiento Batimétrico. <br>\nLevantamiento Batimétrico para el Diseño del Canal de navegación. <br>\nLevantamiento Batimétrico de los malos pasos. <br>\nLevantamiento de las Riberas del cauce del Río. <br>\nInstalar redes de estaciones limnimétricas. <br>\nAl finalizar el estudio desarrollo un perfil según las normas del sistema nacional de inversión pública.', 'vista/imagenes/proyectsandservices/proyectos/tipo/pre-inversion/2015/proyecto-tipo-preinversion-15.jpg', 1, 3),
(36, 'E. F. Mejoramiento de Capacidad Ope. y Res. de Hospital Reg. Doc. de Trujillo', 'Elaboración de los Estudios de Pre Inversión a Nivel de Prefactibilidad y Factibilidad, del Proyecto de Inversión Pública denominado: Mejoramiento de la Capacidad Operativa y Resolutiva del Hospital Regional Docente de Trujillo Categoría III – 1, con énfasis en la atención de emergencias – Trujillo – La Libertad.', 'vista/imagenes/proyectsandservices/proyectos/tipo/pre-inversion/2015/proyecto-tipo-preinversion-16.jpg', 1, 3),
(37, 'Estudio de Prefactibilidad Construcción de la Carretera Tambogrande en Piura', 'El objetivo del estudio fue el identificar, formular y evaluar desde el punto de vista técnico económico, social y ambiental, con un enfoque de gestión de riesgos y desastres; las posibles alternativas de trazo, a fin de afianzar la comercialización y distribución física de carga y pasajeros entre esta zona y los mercados del departamento y del país; así como propiciar la integración fronteriza, con las ciudades que se encuentran al sur del Ecuador. <br>\nEl proyecto, se encuentra ubicado entre los Distritos de Tambogrande y Castilla pertenecientes a la Provincia y Departamento de Piura. <br>\nLa carretera permite comunicar a los distritos de Las Lomas y Tambogrande con el Km. 21 de la carretera Piura – Chulucanas con una distancia de 26.89 Kms. y a través de esta vía se comunica con la ciudad de Piura con una distancia de 20.10 Kms. totalizando un recorrido entre Tambogrande y Piura de 46.99 Kms. <br>\nLa población de los Distritos de Tambogrande y Las Lomas no tienen acceso directo con su capital provincial que es la ciudad de Piura, asimismo las poblaciones de los distritos de Ayabaca, Montero, Sapillica, Sicchez, Suyo, Lagunas, Jililí y Paimas para poderse trasladar a Piura tienen que realizar el recorrido por Tambogrande – Desvió Sullana – Piura de 82 Kms, lo que origina un mayor costo de transporte y tiempo de viaje. <br>\nEl proyecto se desarrolló según los requerimientos del Sistema Nacional de Inversión Pública y comprendió entre otras las siguientes actividades : Inventarios viales, Estudios de Tráfico, Estudio Socio-Económico, Estudio de Transporte (Oferta de Transporte, Demanda de transporte y tránsito, Capacidad de la vía), Ingeniería Básica (Cartografía, topográfica, Geología y de Suelo, Canteras y Fuentes de Agua, Diseño de Pavimentos, Hidrología, Climatología, Obras de Arte y Drenaje), Estudio de Impacto Ambiental, Planteamiento de Soluciones de Ingeniería, Presupuesto, Evaluación Social y Económica, Análisis de Sensibilidad y Riesgo entre otros. <br>\nEl proyecto consiste en la construcción de una vía de 27.84 Kms, de 7 mts de ancho de calzada, a nivel de carpeta asfáltica en caliente de 2, con sus respectivas obras de arte y la construcción de un puente de 220 mts. de longitud, de concreto post tensado de 8.20 mts. de ancho total. La inversión total a precios de mercado es de 59 millones de soles.', 'vista/imagenes/proyectsandservices/proyectos/tipo/pre-inversion/2015/proyecto-tipo-preinversion-17.jpg', 1, 3),
(38, 'Supervisión: Ampliación de Capacidad de Albergue del E.P. El Milagro – Trujillo', 'El penal se encuentra en el distrito del Milagro, Provincia de Trujillo, el presupuesto de obra es de aproximadamente 5.5 millones de soles. El establecimiento penitenciario desarrolló los pabellones de internamiento y áreas comunes para brindar los servicios planteados en el código penal.', 'vista/imagenes/proyectsandservices/proyectos/tipo/supervision/2015/proyecto-supervision-1.jpg', 1, 4),
(39, 'Supervisión: Construcción de Obra y Equipamiento del Hosp. Reg. de Lambayeque', 'El proyecto implica: 47 consultorios físicos, 168 camas, 20 camas de puerperio, 5 quirófanos. Todo el proyecto implica un área construida de más de 27 mil metros cuadrados y un presupuesto de cerca de 70 millones de dólares.', 'vista/imagenes/proyectsandservices/proyectos/tipo/supervision/2015/proyecto-supervision-2.jpg', 1, 4),
(40, 'Supervisión: Seguridad Peatonal COSAC I Protransporte', 'No hay descripción', 'vista/imagenes/proyectsandservices/proyectos/tipo/supervision/2015/proyecto-supervision-3.jpg', 1, 4),
(41, 'Supervisión: Fortalecimiento Servicios de Salud del Hospital San José Chincha', 'Supervisión de Contratación del Servicio de Consultoría para la Supervisión de la Obra:  Fortalecimiento de la Capacidad Resolutiva de los Servicios de Salud del Hospital San José Chincha – DIRESA – ICA.', 'vista/imagenes/proyectsandservices/proyectos/tipo/supervision/2015/proyecto-supervision-4.jpg', 1, 4),
(42, 'Servicios de emergencia y especializados de Hospital Emergencias Villa El Salvador', 'Supervisión de la ejecución de obra, equipamiento informático y equipamiento electromecánico del proyecto de inversión pública: “Fortalecimiento de la atención de los servicios de emergencia y servicios especializados – Nuevo Hospital Emergencias Villa El Salvador”- SNIP 58330.', 'vista/imagenes/proyectsandservices/proyectos/tipo/supervision/2015/proyecto-supervision-5.jpg', 1, 4),
(43, 'Supervisión: Construcción y Equipamiento del Hospital II-1 La Merced – Chanchamayo', 'Servicios de Consultoría para la Supervisión de Obra: Construcción y Equipamiento del Hospital II-1 La Merced – Provincia de Chanchamayo, Departamento de Junín.', 'vista/imagenes/proyectsandservices/proyectos/tipo/supervision/2015/proyecto-supervision-6.jpg', 1, 4),
(44, 'Supervisión de Obras FONE y FONB complementarias en la Región Puno', 'Supervisión de Obras FONE y FONB complementarias en la Región Puno. SPI Nº 005-2010/PARSALUD-BID.', 'vista/imagenes/proyectsandservices/proyectos/tipo/supervision/2015/proyecto-supervision-7.jpg', 1, 4),
(45, 'Supervisión: Construcción del Centro Binacional de Atención en Frontera – Desagüadero', 'Objetivo: Eficiente y adecuado control de personas, mercancías y vehículos en el Paso de Frontera Desaguadero (Perú-Bolivia). <br>\nDescripción: Implementación del paso de frontera con infraestructura, equipamiento y conectividad, mejorando los procesos de control bajo la modalidad operativa de una cabecera con sede en el Perú.', 'vista/imagenes/proyectsandservices/proyectos/tipo/supervision/2015/proyecto-supervision-8.jpg', 1, 4),
(46, 'Supervisión del Primer Hospital de Obras por Impuesto Macusani – Puno', 'Supervisión del Primer Hospital de Obras por Impuesto MACUSANI – Puno.', 'vista/imagenes/proyectsandservices/proyectos/tipo/supervision/2015/proyecto-supervision-9.jpg', 1, 4),
(47, 'Mejoramiento de la Capacidad Resolutiva del Hospital de Sicuani – Cusco', 'El Gobierno Regional de Cuzco nos encargó la Supervisión de la Construcción y Equipamiento del Hospital de Sicuani, el cual se realizó con una inversión de cercana a los 10 millones de dólares. El hospital se encuentra en la ciudad de Sicuani, provincia de Canchis, Departamento del Cusco. <br>\nLa supervisión se realizó por 462 días e implicó un área construida de más de 7500 metros cuadrados. El hospital es de nivel II.2, cuenta con centro quirúrgico, sala de partos, consulta externa, hospitalización y servicios para ayuda al Diagnostico, la obra se realizó en 2 niveles.', 'vista/imagenes/proyectsandservices/proyectos/tipo/supervision/2015/proyecto-supervision-10.jpg', 1, 4),
(48, 'Planes y Estudio de AT y OT de tres ejes viales en Huancavelica', 'Instituto de Consultoría S.A elaboró los planes y estudio de acondicionamiento y ordenamiento territorial de tres Ejes Viales en Huancavelica: Licapa – Lircay, Acobamba – La Mejorada, Huancavelica – Izcuchaca. Su implementación significa un área de influencia que comprende 23 distritos y 288 centros poblados. <br>\nEl proyecto consistió en efectuar Fase de Análisis y Diagnóstico Territorial, Fase Prospectiva – Planificación del Territorio y Fase de Implementación. <br>\nEn este caso el enfoque fue el identificar las áreas beneficiadas de las inversiones viales implementadas, evaluando y realizando un diagnóstico de las actividades productivas y las restricciones que ellas presentan para su desarrollo. Se utilizó como instrumento básico la ZEE. ', 'vista/imagenes/proyectsandservices/proyectos/sector/administracion/proy-sector-administracion-1.jpg', 2, 5),
(49, 'Supervisión de la Zonificación Económica Ecológica del Eje 5 Distrito de Rio Santiago en Amazonas', 'Instituto de Consultoría S.A fue elegido por Provías Descentralizado – MTC para supervisar la Zonificación Económica Ecológica del Eje 5 Distrito de Rio Santiago en Amazonas.', 'vista/imagenes/proyectsandservices/proyectos/sector/administracion/proy-sector-administracion-2.jpg', 2, 5),
(50, 'Elaboración del Estudio «Plan de Desarrollo Urbano de Pucallpa»', 'Instituto de Consultoría S.A fue elegido por la Municipalidad Provincial de Coronel Portillo para la elaboración del Estudio «Plan de Desarrollo Urbano de Pucallpa».', 'vista/imagenes/proyectsandservices/proyectos/sector/administracion/proy-sector-administracion-3.jpg', 2, 5),
(51, 'Plan de Acondicionamiento Territorial de Coronel Portillo', 'Proyecto priorizado por la Municipalidad Provincial de Coronel Portillo-MPCP, por cuanto le permite aplicar instrumentos de planificación que le permitan el aprovechamiento sostenible de los recursos naturales, la distribución equilibrada de la población y el desarrollo de la inversión pública y privada en los ámbitos urbano y rural de la Provincia de Coronel Portillo. <br>\nEl Plan implicó desarrollar la siguiente temática: <br>\nAnálisis territorial: configuración física-geográfica, Vulnerabilidades territoriales frente a agentes naturales, Distribución y características de los asentamientos y las actividades, entre otros. <br>\nDiagnóstico: Modelo territorial actual (infraestructura, usos del suelo, etc.) <br>\nZonificación Ecológica y Económica. <br>\nObjetivos y Modelo Territorial deseable. <br>\nPolíticas y Estrategias Territoriales y Desarrollo Urbano. <br>\nModelo de Gestión Concertada para el Ordenamiento Territorial y el Desarrollo Urbano de Pucallpa, Campo Verde, Macisea, e Iparia. <br>\nCaracterización, problemas y posibilidades del territorio ZEE, identificación de riesgos y vulnerabilidad: <br>\nPlan de Acondicionamiento Territorial <br>\nPropuesta de Acondicionamiento Territorial. <br>\nPropuesta de desarrollo urbano:  Pucallpa, Campoverde, Nueva Requena, Masisea, Iparía <br>\nPrograma se Inversiones. <br>\nImplementación de un SIG.', 'vista/imagenes/proyectsandservices/proyectos/sector/administracion/proy-sector-administracion-4.jpg', 2, 5),
(52, 'Plan de Ordenamiento Territorial Iberia-Iñapari INADE', 'El Área Iberia e Iñapari, perteneciente a la provincia del Tahuamanu, es muy importante para el desarrollo del Departamento de Madre de Dios, por ser parte de una región trinacional, Bolivia, Perú y Brasil. <br>\nEl POT Iberia e Iñapari permite planificar los usos del territorio del Área Iberia – Iñapari y orientar los procesos de ocupación del mismo. Incluyo el plan urbano. Por su carácter integral, participativo, democrático y prospectivo, el Plan permitió articular en el espacio tanto los aspectos sectoriales, a través de la proyección espacial de las políticas ambientales, sociales, culturales y económicas, como los aspectos territoriales uso y ocupación. <br>\nEl estudio abarcó tanto el tema de ordenamiento a nivel macro, provincial y el identificar las áreas urbanas y realizar un diagnóstico y propuesta más precisa. <br>\nEl plan se realizó con una visión participativa y contó con la aprobación de las autoridades locales y nacionales. <br>\nImplicó la implementación de procedimientos de ZEE a efecto de identificar las potencialidades del ámbito estudiado.', 'vista/imagenes/proyectsandservices/proyectos/sector/administracion/proy-sector-administracion-5.jpg', 2, 5),
(53, 'Actualización y Levantamiento Catastral en S. J. de Lurigancho', 'El proyecto tuvo como objetivo principal contar con un Sistema Catastral Urbano en el distrito de San Juan de Lurigancho, sobre un área urbana de 2200 ha. <br>\nAsimismo, mejorar el sistema y procedimiento de información sobre el universo de contribuyentes, según el estado de sus predios en forma general.', 'vista/imagenes/proyectsandservices/proyectos/sector/administracion/proy-sector-administracion-6.jpg', 2, 5);
INSERT INTO `proyec_items` (`id_proyec_item`, `titulo`, `descripcion`, `foto`, `id_proyecto`, `id_proy_ts`) VALUES
(54, 'Estudios de Corredores de Desarrollo en Región Ayacucho', 'El proyecto tenía el objetivo identificar corredores de desarrollo en el departamento de Ayacucho, a efecto de vincularlo a los departamentos vecinos que tienen mayor dinámica, de forma que se genere más producción en la zona y por ende el mejoramiento de las condiciones de vida de la población. <br>\nEl Corredor de Desarrollo definido tiene una extensión de 29 235 km2, que representa el 66,7% del total de la superficie del departamento de Ayacucho, equivalente a 43 814 km2. El ámbito del Corredor comprendió 74 distritos. <br>\nImplicó la implementación de las metodologías propias del ordenamiento territorial incluida una macrozonificación económica ecológica. <br>\nPara el estudio del Corredor de Desarrollo se tomó en cuenta los siguientes criterios: grado de accesibilidad; la distribución de la población considerando los núcleos urbanos, localización de las actividades económicas; localización del equipamiento social de mayor nivel jerárquico y la identificación de las áreas de influencia de las ciudades más importantes; entre los más relevantes.', 'vista/imagenes/proyectsandservices/proyectos/sector/administracion/proy-sector-administracion-7.jpg', 2, 5),
(55, 'Plan de AT y Plan de Desarrollo Urbano de Región Arequipa', 'El Estudio del Diagnóstico para el Plan de Acondicionamiento Territorial de la Provincia de Arequipa, consistió en caracterizar, clasificar, espacializar, sintetizar y evaluar los sistemas administrativo-institucional, biofísico, social, económico y territorial para que en la etapa de propuesta se pueda identificar las potencialidades y organizar el territorio para hacer un uso y aprovechamiento sostenible del mismo. <br>\nEn el Diagnóstico para el Plan de Desarrollo Urbano de la Ciudad de Arequipa se determinó las tendencias, desequilibrios y potencialidades urbanas, a partir de las caracterizaciones socio – económica, físico ¬espacial, geográfico – ambiental e institucional de Arequipa. <br>\nPara que en la siguiente fase se oriente la toma de decisiones y la promoción del concurso de los diferentes agentes del desarrollo urbano. <br>\nLa finalidad de ambos estudios fue proporcionar a la Municipalidad Provincial de Arequipa los diagnósticos de la Provincia de Arequipa y de la Ciudad de Arequipa para permitirle en una siguiente fase obtener el Plan de Acondicionamiento Territorial de la Provincia de Arequipa y el Plan de Desarrollo Urbano de la Ciudad de Arequipa.', 'vista/imagenes/proyectsandservices/proyectos/sector/administracion/proy-sector-administracion-8.jpg', 2, 5),
(56, 'Estudio de Perfil del Terminal Portuario de Pijuayal, Putumayo – Maynas', 'El Estudio se desarrolló por encargo de la Autoridad Portuaria Nacional, para que se desarrolle según las normas del sistema nacional de inversión pública. <br>\nEl proyecto se desarrolla en la localidad de Pebas distrito de Putumayo, Provincia de MAYNAS, departamento de Loreto. El estudio determinó que por condiciones físicas es mejor reubicar el puerto de la localidad de Pijuayal a la zona de Nuevo Pebas. La determinación y análisis del área de influencia se realizó considerando la competencia interportaria. <br>\nEl proyecto tiene la ventaja de ofrecer un intercambio modal de las naves que llegan del atlántico con naves menores que provengan de Perú, este puerto se constituye en una solución alternativa al puerto de Iquitos el cual ya perdió la posibilidad física de atender naves de gran calado. <br>\nEl puerto se ubica en la margen izquierda del río Amazonas, situada en una ribera alta no inundable, cuya superficie es ondulada la misma que es amplia y sin drenajes, favoreciendo el terraplenado para la construcción de obras en tierra. El muelle está conformado por un pontón central de 40 m de largo 20m de ancho y 2 m de puntal, además se ha incluido un pontón de popa de 5 m de eslora 20 m de ancho y 2 m de puntal y el pontón de proa de forma pentagonal de 22m de eslora, 20m de anacho y 2 m de puntal, adicionalmente el muelle flotante se le incluye otros elementos que determinan las obras de río que están constituidos por el pontón de apoyo de 16 m de largo, 6 m de ancho y 2 m de puntal y el puente basculante de 60 m de largo 4.5 m de ancho, el puente se apoyará en su extremo en tierra sobre un estribo de mortero armado cimentado sobre pilotes de acero y en su extremo en río sobre un pontón de apoyo adyacente al muelle, así mismo el muelle estar unido a través de cables sujetos a macizos de anclajes, con anclas fondeadas en el lecho y se une con cadenas estar sujeto en su extremo a winches que controlan la tensión del anclaje, además se aplicará geotextiles para proteger de la ribera para los macizos y anclajes, también incluye obras para protección de palizadas, el muelle constará de un amarradero así como obras en tierra con sus respectivos almacenes. <br>\nLa inversión propuesta es de 30 millones de soles.', 'vista/imagenes/proyectsandservices/proyectos/sector/portuarios/proy-sector-portuario-1.jpg', 2, 6),
(57, 'Estudio de Perfil del Terminal Portuario de Saramiriza, Datem del Marañón', 'Contratación de una consultoría para la Elaboración del Perfil del Terminal Portuario de Sarameriza. SNIP No 118682. El estudio se desarrolló por encargo de la Autoridad Portuaria Nacional, para que se desarrolle el estudio según las normas del sistema nacional de inversión pública y según la inversión se consiga la viabilidad de la inversión propuesta. <br>\nEl proyecto se desarrolla en el distrito de Manseriche, en la provincia del Datem del Marañón, departamento de Loreto. El proyecto tiene la ventaja de ofrecer un intercambio modal en un ámbito que incluso tiene más ventajas comparativas que el Terminal portuario de Yurimaguas. Se determinó el área de influencia del puerto considerando la competencia interportuaria. <br>\nLa propuesta seleccionada y finalmente viable recomienda la construcción de un embarcadero con facilidades en tierra como en río, para lo cual se tendrá en cuenta obras preliminares (agua, desagüe, electricidad y otros) construcción de un puente, muros de contención con pilotes de acero, morteros, aplicación de geotextiles para aplicar en el drenaje, así como también un puente basculante en posición transversal al estribo, un muelle flotante con anclajes, pontones y anclajes al río con winches de 10 ton. e instalación de anclaje de pontones flotante al río incluyendo dos winches de 15 ton. Entre otros. <br>\nLa inversión propuesta es de 8 millones de soles.', 'vista/imagenes/proyectsandservices/proyectos/sector/portuarios/proy-sector-portuario-2.jpg', 2, 6),
(58, 'Estudio de Navegabilidad de Ríos Marañón y Amazonas Tramo: Saramiriza – Santa Rosa', 'El estudio tenía por objetivo elaborar un diagnóstico de la navegabilidad comercial en los ríos Marañón y Amazonas, con el fin de promover la utilización racional, ordenada, durante todo el año de la navegación fluvial, mejorando las condiciones del tráfico, aumentando la seguridad y preservando el medio ambiente de acuerdo a los criterios de desarrollo sustentable. El estudio concluyó con la elaboración del estudio de preinversión a nivel de perfil. <br>\nEl estudio, entre otros aspectos desarrollo lo siguiente: <br>\nDeterminación de los Parámetros hidráulicos, hidrológicos en las áreas con presencia de obstáculos a la navegación. <br>\nIdentificación de la ubicación y características de los obstáculos a la navegación. <br>\nIdentificación del Potencialidad comercial, identificando centros de producción y de consumo. <br>\nDefinición de la nave de diseño. <br>\nEvaluación y análisis del transporte fluvial. <br>\nInfraestructura portuaria y multimodal en el tramo en estudio. <br>\nElaboración de un Plan de Inversiones. <br>\nEstudio de Impacto Ambiental aprobado por la autoridad sectorial correspondiente. <br>\nElaboración de la Carta Electrónica de Navegación bajo las normas de la Organización Hidrográfica Internacional (OHI). <br>\nLa hidrovía tiene 1205 Km de longitud tramo comprendido entre la localidad de Saramiriza hasta Santa Rosa (punto fronterizo con Colombia y Brasil). Los estudios básicos desarrollados son los siguientes: <br>\nLevantamiento Topográfico. <br>\nLevantamiento Batimétrico. <br>\nLevantamiento Batimétrico para el Diseño del Canal de navegación. <br>\nLevantamiento Batimétrico de los malos pasos. <br>\nLevantamiento de las Riberas del cauce del Río. <br>\nInstalar redes de estaciones limnimétricas. <br>\nAl finalizar el estudio desarrollo un perfil según las normas del sistema nacional de inversión pública.', 'vista/imagenes/proyectsandservices/proyectos/sector/portuarios/proy-sector-portuario-3.jpg', 2, 6),
(59, 'Expediente Técnico para la Ampliación y Mejoramiento del Hospital de Moquegua', 'Por encargo del Ejecutor de la Obra se desarrolló el Expediente Técnico para la ampliación y Mejoramiento del Hospital de Moquegua, se desarrolló los anteproyectos y estudios definitivos de todas las especialidades.', 'vista/imagenes/proyectsandservices/proyectos/sector/salud/proy-sector-salud-1.jpg', 2, 7),
(60, 'Supervisión: Construcción de Obra y Equipamiento del Hosp. Reg. de Lambayeque', 'El proyecto implica: 47 consultorios físicos, 168 camas, 20 camas de puerperio, 5 quirófanos. Todo el proyecto implica un área construida de más de 27 mil metros cuadrados y un presupuesto de cerca de 70 millones de dólares.', 'vista/imagenes/proyectsandservices/proyectos/sector/salud/proy-sector-salud-2.jpg', 2, 7),
(61, 'Supervisión: Fortalecimiento Servicios de Salud del Hospital San José Chincha', 'Supervisión de Contratación del Servicio de Consultoría para la Supervisión de la Obra:  Fortalecimiento de la Capacidad Resolutiva de los Servicios de Salud del Hospital San José Chincha – DIRESA – ICA.', 'vista/imagenes/proyectsandservices/proyectos/sector/salud/proy-sector-salud-3.jpg', 2, 7),
(62, 'Servicios de emergencia y especializados de Hospital Emergencias Villa El Salvador', 'Supervisión de la ejecución de obra, equipamiento informático y equipamiento electromecánico del proyecto de inversión pública: “Fortalecimiento de la atención de los servicios de emergencia y servicios especializados – Nuevo Hospital Emergencias Villa El Salvador”- SNIP 58330.', 'vista/imagenes/proyectsandservices/proyectos/sector/salud/proy-sector-salud-4.jpg', 2, 7),
(63, 'Supervisión: Construcción y Equipamiento del Hospital II-1 La Merced – Chanchamayo', 'Servicios de Consultoría para la Supervisión de Obra: Construcción y Equipamiento del Hospital II-1 La Merced – Provincia de Chanchamayo, Departamento de Junín.', 'vista/imagenes/proyectsandservices/proyectos/sector/salud/proy-sector-salud-5.jpg', 2, 7),
(64, 'Supervisión de Obras FONE y FONB complementarias en la Región Puno', 'Supervisión de Obras FONE y FONB complementarias en la Región Puno. SPI Nº 005-2010/PARSALUD-BID.', 'vista/imagenes/proyectsandservices/proyectos/sector/salud/proy-sector-salud-6.jpg', 2, 7),
(65, 'Supervisión del Primer Hospital de Obras por Impuesto Macusani – Puno', 'Supervisión del Primer Hospital de Obras por Impuesto MACUSANI – Puno.', 'vista/imagenes/proyectsandservices/proyectos/sector/salud/proy-sector-salud-7.jpg', 2, 7),
(66, 'Mejoramiento de la Capacidad Resolutiva del Hospital de Sicuani – Cusco', 'El Gobierno Regional de Cuzco nos encargó la Supervisión de la Construcción y Equipamiento del Hospital de Sicuani, el cual se realizó con una inversión de cercana a los 10 millones de dólares. El hospital se encuentra en la ciudad de Sicuani, provincia de Canchis, Departamento del Cusco. <br>\nLa supervisión se realizó por 462 días e implicó un área construida de más de 7500 metros cuadrados. El hospital es de nivel II.2, cuenta con centro quirúrgico, sala de partos, consulta externa, hospitalización y servicios para ayuda al Diagnostico, la obra se realizó en 2 niveles.', 'vista/imagenes/proyectsandservices/proyectos/sector/salud/proy-sector-salud-8.jpg', 2, 7),
(67, 'Fortalecimiento de la Capacidad Resolutiva del Hospital Reg. Miguel Mariscal – Ayacucho', 'Por encargo del Gobierno Regional de Ayacucho hemos desarrollado la Elaboración del Estudio a Nivel de Factibilidad y el Estudio Definitivo del Proyecto: Fortalecimiento de la Capacidad Resolutiva del Hospital Regional Miguel Ángel Mariscal Llerena de AYACUCHO. <br>\nSe planificó un hospital con 33 consultorios físicos, 135 camas de hospitalización, 3 quirófanos de cirugía mayor y 2 de cirugía menor entre otros. <br>\nEl proyecto implica una inversión de cerca de 50 millones de dolares y un área construida de más de 23 mil metros cuadrados. <br>\nEl proyecto incluye tanto la infraestructura como el equipamiento para el cumplimiento de su función a nivel regional.', 'vista/imagenes/proyectsandservices/proyectos/sector/salud/proy-sector-salud-9.jpg', 2, 7),
(68, 'Construcción de Local del Hospital de Apoyo Nuestra Sra. de las Mercedes, Paita – Piura\r\n', 'Construcción Nuevo Local del Hospital de Apoyo Nuestra Señora de las Mercedes, II Nivel de Atención, 5° Nivel de Complejidad, Paita – Piura, por encargo del UNOPS se ha realizado el diseño del nuevo Hospital de Paita, el proyecto cuenta con 75 camas, se ha planteado la construcción de dos módulos, uno destinado a las especialidades de medicina y cirugía. <br>\nEl terreno donde se edificará el Hospital está ubicado en la Av. Miguel Grau, lote único 01 de la Manzana H de la Zona Industrial II Complementaria con frente a la carretera Piura – Paita (Km 47) cuenta con un área total de 40,000.00 m2, y perímetro de 800 ml. <br>\nEl Proyecto de Inversión con un costo total de S/. 44’714,890.00 para la construcción de la Infraestructura y equipamiento.', 'vista/imagenes/proyectsandservices/proyectos/sector/salud/proy-sector-salud-10.jpg', 2, 7),
(69, 'Fortalecimiento de la Atención de los Servicios de Salud en el Hospital de Andahuaylas', 'Elaboración del Expediente Técnico (Obra y Equipamiento) y el Estudio Definitivo a Nivel de Obra para el Fortalecimiento de la Atención de los Servicios de Salud en el Segundo Nivel de Atención, Categoría II-2, 6º Nivel de Complejidad Hospital de Andahuaylas.', 'vista/imagenes/proyectsandservices/proyectos/sector/salud/proy-sector-salud-11.jpg', 2, 7),
(70, 'Expediente Técnico para el nuevo Hospital Nivel II-2 José Mendoza Olavarria – Tumbes', 'Por encargo del Gobierno Regional de Tumbes se desarrolló el Expediente Técnico José Alfredo Mendoza Olavarría, Hospital II-2. El Hospital proyecto incluye Centro Quirúrgico, Salas de Partos, Consulta Externa, Hospitalización y servicios para Ayuda al Diagnóstico. <br>\nEl hospital fue presupuestado por una inversión de 35 millones de dólares. ', 'vista/imagenes/proyectsandservices/proyectos/sector/salud/proy-sector-salud-12.jpg', 2, 7),
(71, 'Fortalecimiento de los Servicios de Salud del Hospital Santiago Apóstol de Utcubamba', 'Elaboración del Expediente Técnico: Fortalecimiento de la Capacidad Resolutiva de los Servicios de Salud del Hospital Santiago Apóstol de la provincia de Utcubamba, Región Amazonas.', 'vista/imagenes/proyectsandservices/proyectos/sector/salud/proy-sector-salud-13.jpg', 2, 7),
(72, 'Construcción y Equipamiento del Hospital de Ventanilla – Callao', 'El nuevo Hospital cuenta con un área de terreno real de 8922.63 m2 ubicado en la urbanización Satélite del Distrito de Ventanilla, Provincia Constitucional del Callao. <br>\nEl expediente desarrolla la Obra civil en sus especialidades: Arquitectura, Estructuras, Instalaciones Sanitarias, Eléctricas y Mecánicas. Además, se desarrolla el equipamiento médico y clínico, así como el mobiliario del establecimiento.', 'vista/imagenes/proyectsandservices/proyectos/sector/salud/proy-sector-salud-14.jpg', 2, 7),
(73, 'E. F. Redimensionamiento de los Servicios de Salud del Hospital de Apoyo III Sullana', 'Servicio de Consultoría para la Elaboración del Estudio de Factibilidad del PIP: Redimensionamiento de los Servicios de Salud del Hospital de Apoyo III Sullana. <br>\nPor encargo del Gobierno Regional se desarrolló el Estudio de Factibilidad según las normas del Sistema Nacional de Inversión Pública. <br>\nPara su desarrollo se implementó diversos instrumentos entre ellos una encuesta poblacional en el área de influencia directa, y encuestas de calidad a los usuarios del hospital. La demanda se estudió a nivel de cada red de servicios y nivel de complejidad, en cada una de ellas se determina el área de influencia y dimensionamiento de la demanda para los tres niveles de complejidad. <br>\nPor el lado de la oferta se analizó la infraestructura existente realizándose pruebas especiales a efecto de garantizar la operatividad de las mismas. <br>\nEl programa médico implementado ha planificado un hospital de nivel II.2, entre los principales recursos tenemos: construcción de 17 consultorios físicos, unidad de exploraciones especiales, unidad de diagnóstico por imágenes, 6 consultorios y 11 camas de observación en emergencia, 122 camas de hospitalización, 24 camas de puerperio, 3 centros quirúrgicos para cirugía mayor, 2 quirófanos de cirugía menor. <br>\nÁrea Construida: 13,181.40 m2. La inversión propuesta asciende a 80 millones de nuevos soles.', 'vista/imagenes/proyectsandservices/proyectos/sector/salud/proy-sector-salud-15.jpg', 2, 7),
(74, 'Estudio de Perfil Integral de Inversión Hospital de Santa Rosa de Puerto Maldonado\r\n', 'Elaboración del Estudio de Preinversión a nivel de Perfil Integral de inversión pública Hospital de Santa Rosa de Puerto Maldonado. <br> \nPor encargo del Hospital se desarrolló el Perfil recargado para la ampliación y remodelación de los servicios del Hospital. El nivel propuesto del hospital es II, proponiéndose 6751 m2 de área nueva y 2573 de remodelación. <br>\nEl estudio determinó la viabilidad de la inversión con un monto de 46 millones de soles. ', 'vista/imagenes/proyectsandservices/proyectos/sector/salud/proy-sector-salud-16.jpg', 2, 7),
(75, 'E. F. Mejoramiento de Capacidad Ope. y Res. de Hospital Reg. Doc. de Trujillo', 'Elaboración de los Estudios de Pre Inversión a Nivel de Prefactibilidad y Factibilidad, del Proyecto de Inversión Pública denominado: Mejoramiento de la Capacidad Operativa y Resolutiva del Hospital Regional Docente de Trujillo Categoría III – 1, con énfasis en la atención de emergencias – Trujillo – La Libertad.', 'vista/imagenes/proyectsandservices/proyectos/sector/salud/proy-sector-salud-17.jpg', 2, 7),
(76, 'Estudio de Factibilidad: Fortalecimiento de la Capacidad Resolutiva del Hospital Regional Miguel Ángel Mariscal Llerena de AYACUCHO', 'Por encargo del Gobierno Regional de Ayacucho hemos desarrollado el Estudio de Factibilidad y Expediente Técnico para la construcción del Hospital Regional. <br>\nSe planifico un hospital con 33 consultorios físicos, 135 camas de hospitalización, 3 quirófanos de cirugía mayor y 2 de cirugía menor entre otros. <br>\nEl proyecto implica una inversión de cerca de 50 millones de dólares y un área construida de más de 23 mil metros cuadrados. <br>\nEl proyecto incluye tanto la infraestructura como el equipamiento para el cumplimiento de su función a nivel regional. ', 'vista/imagenes/proyectsandservices/proyectos/sector/salud/proy-sector-salud-9.jpg', 2, 7),
(77, 'Estudios de Perfil y Factibilidad del Hospital Regional de Lambayeque', 'Instituto de Consultoría S.A. ha seguido el desarrollo de esta obra pública desde su identificación a nivel de Perfil, implementando luego el Estudio de Factibilidad y finalmente ejecutando la Supervisión de la Obra y el Equipamiento el 2010. <br>\nEl proyecto implica: 47 consultorios físicos, 168 camas, 20 camas de puerperio, 5 quirófanos. Todo el proyecto implica un área construida de más de 27 mil metros cuadrados y un presupuesto de cerca de 70 millones de dólares.', 'vista/imagenes/proyectsandservices/proyectos/sector/salud/proy-sector-salud-2.jpg', 2, 7),
(78, 'Estudio Mejoramiento de las Vías de Acceso al Centro Arqueológico de Caral-Supe', 'El Ministerio de Transporte nos encargó el desarrollo de los expedientes técnicos para la construcción de caminos vecinales que permiten el acceso a las ruinas arqueológicas de Caral, de manera específica los tramos estudiados son:  Tramo I: Emp. R001N-Llamahuaca 16.80 KM y Tramo II: Llamahuaca-Caral 7.70 KM. <br>\nSe desarrollaron todos los estudios de ingeniería requeridos, incluidos los estudios de impacto ambiental y los talleres de participación ciudadana.', 'vista/imagenes/proyectsandservices/proyectos/sector/viales/proy-sector-viales-1.jpg', 2, 8),
(79, 'Estudio de Perfil Mejoramiento de Carretera Vecinal Ilabaya-Cambaya-Camilaca', 'Servicio de Consultoría para la elaboración de Estudio de Perfil del Proyecto: Mejoramiento de la Carretera Vecinal Ilabaya-Cambaya-Camilaca. <br>\nEl Proyecto se localiza en la Región Tacna, Provincia de Jorge Basaadre, en el Distrito de Ilabaya-Camilaca, y busca Mejorar la Calidad de Vida de la Población del Eje Ilabaya Cambaya-Camilaca beneficiando a 3730 personas. El estudio se desarrolló en 2 tramos: tramo I Ilabaya-Cambaya (22.50 Km), y tramo II Cambaya-Camilaca (19.20 Km). <br>\nEl estudio desarrollado a nivel de perfil según las normas del sistema nacional de inversión pública, recomendó una carretera A Nivel de (TSB) Tratamiento Superficial Bicapa, una base de 0.20 m. y subbase de 0.20 m., ensanchando la plataforma en 7.60 m. y mejorando las pendientes superiores a 12%. Además, comprende la construcción de los puentes Chejaya y Cambaya, el mejoramiento del sistema de drenaje en toda la carretera y la construcción de obras para la estabilización de taludes. <br>\nLa inversión propuesta asciende a 54 millones de soles.', 'vista/imagenes/proyectsandservices/proyectos/sector/viales/proy-sector-viales-2.jpg', 2, 8),
(80, 'Evaluación del E. F. Mejoramiento de la Av. Néstor Gambetta – Callao', 'Contratación del Servicio de Consultoría Evaluación del Estudio de Factibilidad del Proyecto de Inversión Pública “Mejoramiento de la Av. Néstor Gambeta – Callao”. SNIP No 48115. El Gobierno Regional nos contrató para apoyar a la OPI de la región a efecto de que puedan evaluar en el marco del SNIP el estudio de factibilidad a efecto de determinar si correspondía darle la viabilidad. <br>\nEl proyecto busca obtener una eficiente transitabilidad y bajos índices de congestionamiento y accidentabilidad de la Vía Nestor Gambetta. <br>\nEl proyecto planteo lo siguiente:   Construcción de 28 km a nivel de Carpeta Asfáltica en Caliente Modificada con Polímeros – CAC con dos calzadas de 7.00 mts. y 10.50 mts de ancho, y cada calzada con dos y tres carriles de 3.50 m. cada uno, bermas laterales de ancho variable según las dimensiones de la sección vial a lo largo de la Avenida. Complementariamente se plantea la construcción de Distribuidores Viales, Vías Auxiliares, Puentes Vehiculares y Peatonales, Paraderos, trabajos de señalización horizontal, vertical, y semaforización.', 'vista/imagenes/proyectsandservices/proyectos/sector/viales/proy-sector-viales-3.jpg', 2, 8),
(81, 'E. P. de Puentes Chamaya, Nueva Unida, Olaechea, Numpatken, Uchichiangos y Yahuahua', 'Estudio de Preinversión a nivel de Perfil de los Puentes Chamaya, Nueva Unida, Olaechea, Numpatken, Chichiangos y Yahuahua y accesos, en el departamento de Amazonas. <br>\nEl área de estudio se encuentra ubicado en el distrito de Santa Maria de Nieva, provincia de Condorcanqui departamento de Amazonas. <br>\nEl proyecto tiene como objetivo evaluar la viabilidad de la inversión en 6 puentes en la zona de la comunidad indígena de los Aguajum. <br>\nLos estudios determinan la mejor alternativa para solucionar el problema de comunicación de los pobladores. <br>\nLos perfiles se desarrollaron según las normas del Sistema Nacional de Inversión Pública.', 'vista/imagenes/proyectsandservices/proyectos/sector/viales/proy-sector-viales-4.jpg', 2, 8),
(82, 'Estudio de Prefactibilidad Construcción de la Carretera Tambogrande en Piura', 'El objetivo del estudio fue el identificar, formular y evaluar desde el punto de vista técnico económico, social y ambiental, con un enfoque de gestión de riesgos y desastres; las posibles alternativas de trazo, a fin de afianzar la comercialización y distribución física de carga y pasajeros entre esta zona y los mercados del departamento y del país; así como propiciar la integración fronteriza, con las ciudades que se encuentran al sur del Ecuador. <br>\r\nEl proyecto, se encuentra ubicado entre los Distritos de Tambogrande y Castilla pertenecientes a la Provincia y Departamento de Piura. <br>\r\nLa carretera permite comunicar a los distritos de Las Lomas y Tambogrande con el Km. 21 de la carretera Piura – Chulucanas con una distancia de 26.89 Kms. y a través de esta vía se comunica con la ciudad de Piura con una distancia de 20.10 Kms. totalizando un recorrido entre Tambogrande y Piura de 46.99 Kms. <br>\r\nLa población de los Distritos de Tambogrande y Las Lomas no tienen acceso directo con su capital provincial que es la ciudad de Piura, asimismo las poblaciones de los distritos de Ayabaca, Montero, Sapillica, Sicchez, Suyo, Lagunas, Jililí y Paimas para poderse trasladar a Piura tienen que realizar el recorrido por Tambogrande – Desvió Sullana – Piura de 82 Kms, lo que origina un mayor costo de transporte y tiempo de viaje. <br>\r\nEl proyecto se desarrolló según los requerimientos del Sistema Nacional de Inversión Pública y comprendió entre otras las siguientes actividades : Inventarios viales, Estudios de Tráfico, Estudio Socio-Económico, Estudio de Transporte (Oferta de Transporte, Demanda de transporte y tránsito, Capacidad de la vía), Ingeniería Básica (Cartografía, topográfica, Geología y de Suelo, Canteras y Fuentes de Agua, Diseño de Pavimentos, Hidrología, Climatología, Obras de Arte y Drenaje), Estudio de Impacto Ambiental, Planteamiento de Soluciones de Ingeniería, Presupuesto, Evaluación Social y Económica, Análisis de Sensibilidad y Riesgo entre otros. <br>\r\nEl proyecto consiste en la construcción de una vía de 27.84 Kms, de 7 mts de ancho de calzada, a nivel de carpeta asfáltica en caliente de 2, con sus respectivas obras de arte y la construcción de un puente de 220 mts. de longitud, de concreto post tensado de 8.20 mts. de ancho total. La inversión total a precios de mercado es de 59 millones de soles. ', 'vista/imagenes/proyectsandservices/proyectos/sector/viales/proy-sector-viales-5.jpg', 2, 8),
(83, 'Supervisión: Ampliación de Capacidad de Albergue del E.P. El Milagro – Trujillo', 'El penal se encuentra en el distrito del Milagro, Provincia de Trujillo, el presupuesto de obra es de aproximadamente 5.5 millones de soles. El establecimiento penitenciario desarrolló los pabellones de internamiento y áreas comunes para brindar los servicios planteados en el código penal.', 'vista/imagenes/proyectsandservices/proyectos/sector/otras-edificaciones/proy-sector-edificaciones-1.jpg', 2, 9),
(84, 'E. F. Construcción de nuevo Establecimiento Penitenciario de Huaral II', 'Servicio de Consultoría: Estudio de Pre Inversión a Nivel de Factibilidad del Proyecto: “Construcción del Nuevo Establecimiento Penitenciario de Huaral II”. <br>\nEl estudio se desarrolló por encargo del INPE según las normas del sistema nacional de inversión pública a nivel de factibilidad. El proyecto se ubica en el distrito de Aucallama en la provincia de Huaraz, departamento de Lima. <br>\nSe estimó la oferta y demanda por servicios penitenciarios, el cual al corresponder a un multiproducto implico estudiar los servicios de: Albergue, del Sistema de Tratamiento (Servicio Legal, Servicios de Salud, Servicios de Psicología y Servicio Social, Trabajo, Educación), servicio de seguridad (Ingresos, visitas y revisiones), administración (Agua y energía). <br>\nEl proyecto se diseñó para 2016 reos, y la propuesta arquitectónica se desarrolla en 2 niveles con 56 mil metros cuadrados de área construida. Dicha propuesta planteo la construcción de un Centro de Salud con hospitalización con un área de 1000 m2, un tratamiento desintoxicación de drogas, un área de juzgamiento, residencia y lugares para el desarrollo de las actividades educativas y talleres. <br>\nLa propuesta plantea un Penal con 4 Unidades Penitenciarias (3 para varones y 1 para mujeres), ingreso único y ubicación de las Unidades Penitenciarias; con doce (12) exclusas y 13 torreones de vigilancia. Esta Alternativa de Penal tiene un sola Administración.  Asimismo, de todos los servicios que requiere este establecimiento según las normas penitenciarias. <br>\nEl proyecto implica una inversión de 78 millones de soles.', 'vista/imagenes/proyectsandservices/proyectos/sector/otras-edificaciones/proy-sector-edificaciones-2.jpg', 2, 9),
(85, 'Mejoramiento de la Capacidad Resolutiva de sede principal Ministerio Público – DJ Tacna', 'El objetivo del proyecto es la Remodelación y Acondicionamiento de la parte frontal y posterior a fin de que la Entidad pueda cumplir en forma eficaz con sus funciones administrativas y operativas.', 'vista/imagenes/proyectsandservices/proyectos/sector/otras-edificaciones/proy-sector-edificaciones-3.jpg', 2, 9),
(86, 'Expediente Técnico Refacción y acondicionamiento de puesto de control Tomasiri – Tacna', 'Elaboración del Expediente Técnico para la Refacción y Acondicionamiento del Puesto de Control Tomasiri – Tacna. Ubicado en la Carretera Panamericana Sur KM. 1257, Distritos de Sama e Inclan, Provincia y Departamento de Tacna. Cuenta con un área de 101,949.48 m2. <br>\nDentro de los problemas de infraestructura más importantes que deben ser resueltos están: el abastecimiento de agua, mediante un sistema de potabilización, la necesidad de habilitar nuevas vías de circulación para un mejor control vehicular, básicamente del transporte de carga, el contar con un nuevo depósito de vehículos incautados y contar con nuevas plataformas de descarga, así como contar con un nuevo Almacén de Mercadería Inflamable y techar un almacén que se encuentre sin protección. <br>\nEl monto de inversión es de S/. 3´233,912.91 nuevos soles.', 'vista/imagenes/proyectsandservices/proyectos/sector/otras-edificaciones/proy-sector-edificaciones-4.jpg', 2, 9),
(87, 'E. F. Construcción del Establecimiento Penitenciario de Cañete II', 'Servicio de Consultoría: Elaboración del Estudio a Nivel de Factibilidad del Proyecto “Construcción del Establecimiento Penitenciario de Cañete II”. <br>\nEl estudio se desarrolló por encargo del INPE según las normas del sistema nacional de inversión pública a nivel de factibilidad. El proyecto se ubica en el distrito de Nuevo Imperial en la provincia de Cañete. <br>\nSe estimó la oferta y demanda por servicios penitenciarios, el cual al corresponder a un multiproducto implico estudiar los servicios de: Albergue, del Sistema de Tratamiento (Servicio Legal, Servicios de Salud, Servicios de Psicología y Servicio Social, Trabajo, Educación), servicio de seguridad (Ingresos, visitas y revisiones), administración (Agua y energía). <br>\n El proyecto se diseñó para 2016 reos, y la propuesta arquitectónica se desarrolla en 2 niveles con 46 mil metros cuadrados de área construida. Dicha propuesta planteo la construcción de un Centro de Salud 835 m2, un tratamiento desintoxicación de drogas, un área de juzgamiento, residencia y lugares para el desarrollo de las actividades educativas y talleres. <br>\n Este anteproyecto plantea una infraestructura de internamiento compuesta de (4) cuatro unidades penitenciarias albergando una población penal final de 2,016 internos. Cada unidad penitenciaria cuenta con cuatro pabellones de internamiento de dos pisos cada uno, con áreas para celdas, áreas para talleres del tipo semi-industrial; áreas recreativas y de culto, así como áreas para el servicio de mantenimiento y almacenes; incluyéndose áreas para cocina y lavandería. Sistema de captación de agua de canal y tratamiento de aguas servidas con lagunas de estabilización. <br>\nEl proyecto implica una inversión de 70 millones de soles. ', 'vista/imagenes/proyectsandservices/proyectos/sector/otras-edificaciones/proy-sector-edificaciones-5.jpg', 2, 9),
(88, 'Construcción del Nuevo Establecimiento Penitenciario de Tarapoto – San Martín', 'El Ministerio de Justicia, de acuerdo con la política del Gobierno se ha propuesto mejorar las condiciones de habitabilidad de la población penal, mediante la construcción de un nuevo establecimiento penitenciario para albergar una población de 616 internos y 20 internas. El terreno donde se ubica el proyecto se encuentra en la zona de las Pampas de Sanaguillo del Distrito de Banda de Shilcayo, Provincia de Tarapoto, Región de San Martín. <br>\nEl expediente se desarrolla a nivel de expediente de obra.', 'vista/imagenes/proyectsandservices/proyectos/sector/otras-edificaciones/proy-sector-edificaciones-6.jpg', 2, 9),
(89, 'E. F. Construcción de Etapa II del Complejo Penitenciario Piedras Gordas II', 'Elaboración del Estudio a Nivel de Factibilidad del Proyecto: “Construcción del Establecimiento Penitenciario de la Segunda Etapa del Complejo Penitenciario de Piedras Gordas II para 2200 Internos”. <br>\nEl estudio se desarrolló por encargo del INPE según las normas del sistema nacional de inversión pública a nivel de factibilidad. El proyecto se ubica en el distrito de Ancon en la provincia de Lima. <br>\n Se estimó la oferta y demanda por servicios penitenciarios, el cual al corresponder a un multiproducto implico estudiar los servicios de: Albergue, del Sistema de Tratamiento (Servicio Legal, Servicios de Salud, Servicios de Psicología y Servicio Social, Trabajo, Educación), servicio de seguridad (Ingresos, visitas y revisiones), administración (Agua y energía). <br>\n El proyecto se diseñó para 2200 reos, y la propuesta arquitectónica consta de 4 establecimientos pequeños, en cada mini establecimiento existe 3 pabellones de dos pisos, cada establecimiento al interior tiene una capacidad para albergar 550 internos. <br>\nEl proyecto implica una inversión de 65 millones de soles.', 'vista/imagenes/proyectsandservices/proyectos/sector/otras-edificaciones/proy-sector-edificaciones-7.jpg', 2, 9),
(90, 'Expediente Técnico para la Construcción de Sede de Of. Zonal SUNAT – Cajamarca', 'Elaboración del Expediente Técnico para la Construcción de la Sede de la Oficina Zonal de SUNAT – Cajamarca. El proyecto se encuentra ubicado en el departamento de Cajamarca, en la Provincia del mismo nombre, en el distrito de Cajamarca. El área total que ocupa el terreno es de 1,049.89 m2. <br>\nEl Proyecto contempla la edificación de un edificio de 3 plantas, en las cuales se distribuirán los ambientes necesarios de acuerdo a las necesidades estimadas.', 'vista/imagenes/proyectsandservices/proyectos/sector/otras-edificaciones/proy-sector-edificaciones-8.jpg', 2, 9),
(91, 'E. F. Ampliación y Remodelación del Establecimiento Penitenciario de Tacna', 'Estudio de Preinversión a nivel de factibilidad del proyecto “Ampliación y Remodelación del Establecimiento Penitenciario de Tacna”. SNIP Nº 74779. El estudio se desarrolló por encargo del INPE según las normas del sistema nacional de inversión pública a nivel de factibilidad. El proyecto se ubica en el distrito de POCOLLAY en la provincia de Tacna. <br>\nSe estimó la oferta y demanda por servicios penitenciarios, el cual al corresponder a un multiproducto implico estudiar los servicios de: Albergue, del Sistema de Tratamiento (Servicio Legal, Servicios de Salud, Servicios de Psicología y Servicio Social, Trabajo, Educación), servicio de seguridad (Ingresos, visitas y revisiones), administración (Agua y energía). <br>\nConsiste en la construcción de cinco unidades penitenciarias, de 256 internos c/u, albergando una población total de 1280 internos; cada unidad consta de dos pabellones de internamiento (de dos pisos). Se considera para la I Etapa la construcción de 3 unidades penitenciarias, construcción de talleres, CETPROS, SUM (sala de usos múltiples), construcción de losa deportiva y control de ingreso; la remodelación de oficinas de tratamiento, rehabilitación de cocina, implementación de ambientes para administración y para seguridad en el actual pabellón 5, demolición del pabellón administrativo, reparación y mantenimiento de servicios básicos, construcción de veredas. Se incluirá la implementación de mobiliario y equipamiento e incorporación de recursos humanos. Estas intervenciones propiciarán el reordenamiento de la infraestructura existente, zonificando las áreas de internamiento, tratamiento y seguridad independientemente. En la II Etapa se construirán 2 unidades penitenciarias y se demolerá el pabellón antiguo que quedaba en uso de 80 internos. El área construida es de 7.7 mil metros cuadrados. <br>\nEl proyecto implica una inversión de 28 millones de soles.', 'vista/imagenes/proyectsandservices/proyectos/sector/otras-edificaciones/proy-sector-edificaciones-9.jpg', 2, 9),
(92, 'E. Factibilidad y Expediente Técnico del Terminal Terrestre de la ciudad de Trujillo', 'Recibimos el encargo de la Municipalidad Provincial para el desarrollo del Estudio de Factibilidad y Expediente Técnico del Terminal Terrestre de la ciudad de Trujillo. El terminal terrestre está previsto para atender más de 25 millones de pasajeros al año, con 38 andenes de entrada y salida. Incluye también un terminal de carga para la carga mayor. <br>\nEl estudio incluyó el desarrollo del Impacto vial correspondiente, así como el estudio de impacto ambiental requerido. Se plantea un terminal moderno que combina las funciones de transporte con las necesidades comerciales que son requeridas para funcionar como un terminal moderno. <br>\nEl proyecto implica un área construida de 20 000 metros cuadrados y una inversión aproximada de más de 35 millones de dólares. <br>\nEl proyecto incluye 2 puentes vías subterráneas para las entradas y salidas de buses y acceso subterráneo de pasajeros. Se desarrolló la propuesta de financiamiento, cálculo de tarifas y mecanismos para la promoción de la inversión privada.', 'vista/imagenes/proyectsandservices/proyectos/sector/otras-edificaciones/proy-sector-edificaciones-10.jpg', 2, 9);

-- --------------------------------------------------------

--
-- Estructura de tabla para la tabla `proy_tipo_sector`
--

CREATE TABLE `proy_tipo_sector` (
  `id_proy_ts` int(11) NOT NULL,
  `nombre` varchar(30) NOT NULL,
  `clase` varchar(30) NOT NULL,
  `id_proyecto` int(11) NOT NULL
) ENGINE=InnoDB DEFAULT CHARSET=utf8mb4 COLLATE=utf8mb4_general_ci;

--
-- Volcado de datos para la tabla `proy_tipo_sector`
--

INSERT INTO `proy_tipo_sector` (`id_proy_ts`, `nombre`, `clase`, `id_proyecto`) VALUES
(1, 'Estudio/ expediente', '', 1),
(2, 'Zonificación', '', 1),
(3, 'Pre-inversión', '', 1),
(4, 'Supervisión', '', 1),
(5, 'Administración', '', 2),
(6, 'Portuarios', '', 2),
(7, 'Salud', '', 2),
(8, 'Viales', '', 2),
(9, 'Otras edificaciones', '', 2);

-- --------------------------------------------------------

--
-- Estructura de tabla para la tabla `servicios`
--

CREATE TABLE `servicios` (
  `id_servicio` int(11) NOT NULL,
  `nombre` varchar(30) NOT NULL,
  `descripcion` text NOT NULL,
  `portada` text NOT NULL
) ENGINE=InnoDB DEFAULT CHARSET=utf8mb4 COLLATE=utf8mb4_general_ci;

--
-- Volcado de datos para la tabla `servicios`
--

INSERT INTO `servicios` (`id_servicio`, `nombre`, `descripcion`, `portada`) VALUES
(1, 'Planificación', 'Instituto de Consultoría S.A. colabora con las diferentes entidades en el desarrollo de políticas e instrumentos de planificación del territorio. Para ello desarrolla tres estrategias básicas: la planificación del uso de la tierra; equilibrio espacial en los proyectos de inversión social y económica; y la organización funcional y administrativa óptima del territorio. <br>\nPara el desarrollo de estas actividades contamos con especialistas en Planificación Regional, Planificación Urbana, Zonificación, Edafología, Vulnerabilidad y Riesgos, Planificación económica y Ambiental, y especialistas en Sistemas de Información Geográfica.', 'vista/imagenes/proyectsandservices/servicios/serviciosInicio/planificacion.png'),
(2, 'Pre-Inversión', 'Se desarrollan Estudios Económicos de todo tipo, en particular estudios de pre-inversión en el Sistema Nacional de Inversión Pública. INDECONSULT S.A. ha desarrollado estudios de pre-inversión de todo nivel y sector, para ello cuenta con especialistas en proyectos de inversión, promoción de inversión, diseño arquitectónico, ingeniería básica y aplicada de forma que se puede concretar toda idea de inversión a efecto de tomar decisiones sobre su viabilidad y sostenibilidad.', 'vista/imagenes/proyectsandservices/servicios/serviciosInicio/preinversion.png'),
(3, 'Expedientes de obra', 'Se han desarrollado expedientes de obra para licitar la construcción de diversas obras civiles. Para esta labor nuestra empresa cuenta con especialistas en anteproyectos arquitectónicos, equipamiento de todo tipo, e ingenieros de las más diversas especialidades para poder licitar la obra civil.', 'vista/imagenes/proyectsandservices/servicios/serviciosInicio/expedientedeobra.jpg'),
(4, 'Supervisión', 'INDECONSULT S.A. desarrolla inspecciones técnicas y supervisiones de obra a efecto de supervigilar su correcta ejecución. Las interventorías que desarrollamos están relacionadas a las especialidades de arquitectura, instalaciones eléctricas, sanitarias, mecánicas, telefónicas, de seguridad y especiales.', 'vista/imagenes/proyectsandservices/servicios/serviciosInicio/supervisiondeobra.jpg');

-- --------------------------------------------------------

--
-- Estructura de tabla para la tabla `serv_items`
--

CREATE TABLE `serv_items` (
  `id_serv_item` int(11) NOT NULL,
  `titulo` varchar(255) NOT NULL,
  `descripcion` text NOT NULL,
  `foto` text NOT NULL,
  `lugar` varchar(255) NOT NULL,
  `estado` varchar(50) NOT NULL,
  `id_servicio` int(11) NOT NULL
) ENGINE=InnoDB DEFAULT CHARSET=utf8mb4 COLLATE=utf8mb4_general_ci;

--
-- Volcado de datos para la tabla `serv_items`
--

INSERT INTO `serv_items` (`id_serv_item`, `titulo`, `descripcion`, `foto`, `lugar`, `estado`, `id_servicio`) VALUES
(1, 'Planes y Estudio de AT y OT de tres ejes viales en Huancavelica', 'Instituto de Consultoría S.A elaboró los planes y estudio de acondicionamiento y ordenamiento territorial de tres Ejes Viales en Huancavelica: Licapa – Lircay, Acobamba – La Mejorada, Huancavelica – Izcuchaca. Su implementación significa un área de influencia que comprende 23 distritos y 288 centros poblados. <br>\nEl proyecto consistió en efectuar Fase de Análisis y  Diagnóstico Territorial, Fase Prospectiva – Planificación del Territorio y Fase de Implementación. <br>\nEn este caso el enfoque fue el identificar las áreas beneficiadas de las inversiones viales implementadas, evaluando y realizando un diagnostico de las actividades productivas y las restricciones que ellas presentan para su desarrollo. Se utilizo como instrumento básico la ZEE.', 'vista/imagenes/proyectsandservices/servicios/planificacion/2015/servicio-planificacion-1.jpg', 'Huancavelica', 'culminado', 1),
(2, 'Supervisión de la Zonificación Económica Ecológica del Eje 5 Distrito de Río Santiago en Amazonas', 'Instituto de Consultoría S.A fue elegido por Provías Descentralizado – MTC para supervisar la Zonificación Económica Ecológica del Eje 5 Distrito de Río Santiago en Amazonas.', 'vista/imagenes/proyectsandservices/servicios/planificacion/2015/servicio-planificacion-2.jpg', 'Amazonas', 'en proceso', 1),
(3, 'Elaboración del Estudio \"Plan de Desarrollo Urbano de Pucallpa\"', 'Instituto de Consultoría S.A fue elegido por la Municipalidad Provincial de Coronel Portillo para la elaboración del Estudio \"Plan de Desarrollo Urbano de Pucallpa\".', 'vista/imagenes/proyectsandservices/servicios/planificacion/2015/servicio-planificacion-3.jpg', 'Ucayali', 'culminado', 1),
(4, 'Plan de Acondicionamiento Territorial de Coronel Portillo', 'Proyecto priorizado por la Municipalidad  Provincial de Coronel Portillo-MPCP, por cuanto le permite aplicar instrumentos de planificación que le permitan el aprovechamiento sostenible de los recursos naturales, la distribución equilibrada de la población y el desarrollo de la inversión pública y privada en los ámbitos urbano y rural de la Provincia de Coronel Portillo. <br>\nEl Plan implicó desarrollar la siguiente temática: <br>\nAnálisis territorial: configuración física-geográfica, Vulnerabilidades territoriales frente a agentes naturales, Distribución y características de los asentamientos y las actividades, entre otros. <br>\nDiagnóstico: Modelo territorial actual (infraestructura, usos del suelo, etc.)<br>\nZonificación Ecológica y Económica.<br>\nObjetivos y Modelo Territorial deseable.<br>\nPolíticas y Estrategias Territoriales y Desarrollo Urbano. <br>\nModelo de Gestión Concertada para el Ordenamiento Territorial y el Desarrollo Urbano de Pucallpa, Campo Verde, Macisea, e Iparia.<br>\nCaracterización, problemas y posibilidades del territorio ZEE,  identificación de riesgos y vulnerabilidad: <br>\nPlan de Acondicionamiento Territorial <br>\nPropuesta de Acondicionamiento Territorial. <br>\nPropuesta de desarrollo urbano:  Pucallpa, Campoverde, Nueva Requena, Masisea, Iparía. <br>\nPrograma se Inversiones. <br>\nImplementación de un SIG. ', 'vista/imagenes/proyectsandservices/servicios/planificacion/2015/servicio-planificacion-4.jpg', 'Ucayali', 'en proceso', 1),
(5, 'Plan de Ordenamiento Territorial Iberia-Iñapari INADE', 'El Área Iberia e Iñapari, perteneciente a la provincia del Tahuamanu, es muy importante para el desarrollo del Departamento de Madre de Dios, por ser parte de una región trinacional, Bolivia, Perú y Brasil. <br>\nEl POT Iberia e Iñapari permite planificar los usos del territorio del Área Iberia – Iñapari y orientar los procesos de ocupación del mismo. Incluyo el plan urbano. Por su carácter integral, participativo, democrático y prospectivo, el Plan permitió articular en el espacio tanto los aspectos sectoriales, a través de la proyección espacial de las políticas ambientales, sociales, culturales y económicas, como los aspectos territoriales uso y ocupación. <br>\nEl estudio abarcó tanto el tema de ordenamiento a nivel macro, provincial y el identificar las áreas urbanas y realizar un diagnóstico y propuesta más precisa. <br>\nEl plan se realizó con una visión participativa y contó con la aprobación de las autoridades locales y nacionales. <br>\nImplicó la implementación de procedimientos de ZEE a efecto de identificar las potencialidades del ámbito estudiado.', 'vista/imagenes/proyectsandservices/servicios/planificacion/2015/servicio-planificacion-5.jpg', 'Madre de Dios', 'culminado', 1),
(6, 'Actualización y Levantamiento Catastral en S. J. de Lurigancho', 'El proyecto tuvo como objetivo principal contar con un Sistema Catastral Urbano en el distrito de San Juan de Lurigancho, sobre un área urbana de 2200 ha. <br>\nAsimismo, mejorar el sistema y procedimiento de información sobre el universo de contribuyentes, según el estado de sus predios en forma general.', 'vista/imagenes/proyectsandservices/servicios/planificacion/2015/servicio-planificacion-6.jpg', 'Lima', 'en proceso', 1),
(7, 'Estudios de Corredores de Desarrollo en Región Ayacucho', 'El proyecto tenía el objetivo identificar corredores de desarrollo en el departamento de Ayacucho, a efecto de vincularlo a los departamentos vecinos que tienen mayor dinámica, de forma que se genere más producción en la zona y por ende el mejoramiento de las condiciones de vida de la población. <br>\nEl Corredor de Desarrollo definido tiene una extensión de 29 235 km2, que representa el 66,7% del total de la superficie del departamento de Ayacucho, equivalente a 43 814 km2. El ámbito del Corredor comprendió 74 distritos. <br>\nImplicó la implementación de las metodologías propias del ordenamiento territorial incluida una macrozonificación económica ecológica. <br>\nPara el estudio del Corredor de Desarrollo se tomó en cuenta los siguientes criterios: grado de accesibilidad; la distribución de la población considerando los núcleos urbanos, localización de las actividades económicas; localización del equipamiento social de mayor nivel jerárquico y la identificación de las áreas de influencia de las ciudades más importantes; entre los más relevantes.', 'vista/imagenes/proyectsandservices/servicios/planificacion/2015/servicio-planificacion-7.jpg', 'Ayacucho', 'culminado', 1),
(8, 'Plan de AT y Plan de Desarrollo Urbano de Región Arequipa', 'El Estudio del Diagnóstico para el Plan de Acondicionamiento Territorial de la Provincia de Arequipa, consistió en caracterizar, clasificar, espacializar, sintetizar y evaluar los sistemas administrativo-institucional, biofísico, social, económico y territorial para que en la etapa de propuesta se pueda identificar las potencialidades y organizar el territorio para hacer un uso y aprovechamiento sostenible del mismo. <br>\nEn el Diagnóstico para el Plan de Desarrollo Urbano de la Ciudad de Arequipa se determinó las tendencias, desequilibrios y potencialidades urbanas, a partir de las caracterizaciones socio – económica, físico ¬espacial, geográfico – ambiental e institucional de Arequipa. <br>\nPara que en la siguiente fase se oriente la toma de decisiones y la promoción del concurso de los diferentes agentes del desarrollo urbano. <br>\nLa finalidad de ambos estudios fue proporcionar a la Municipalidad Provincial de Arequipa los diagnósticos de la Provincia de Arequipa y de la Ciudad de Arequipa para permitirle en una siguiente fase obtener el Plan de Acondicionamiento Territorial de la Provincia de Arequipa y el Plan de Desarrollo Urbano de la Ciudad de Arequipa.', 'vista/imagenes/proyectsandservices/servicios/planificacion/2015/servicio-planificacion-8.jpg\n', 'Arequipa', 'en proceso', 1),
(9, 'E. F. Construcción de nuevo Establecimiento Penitenciario de Huaral II', 'Servicio de Consultoría: Estudio de Pre Inversión a Nivel de Factibilidad del Proyecto: “Construcción del Nuevo Establecimiento Penitenciario de Huaral II”. <br>\nEl estudio se desarrolló por encargo del INPE según las normas del sistema nacional de inversión pública a nivel de factibilidad. El proyecto se ubica en el distrito de Aucallama en la provincia de Huaraz, departamento de Lima. <br>\n Se estimó la oferta y demanda por servicios penitenciarios, el cual al corresponder a un multiproducto implico estudiar los servicios de: Albergue, del Sistema de Tratamiento (Servicio Legal, Servicios de Salud, Servicios de Psicología y Servicio Social, Trabajo, Educación), servicio de seguridad (Ingresos, visitas y revisiones), administración (Agua y energía). <br>\nEl proyecto se diseñó para 2016 reos, y la propuesta arquitectónica se desarrolla en 2 niveles con 56 mil metros cuadrados de área construida. Dicha propuesta planteo la construcción de un Centro de Salud con hospitalización con un área de 1000 m2, un tratamiento desintoxicación de drogas, un área de juzgamiento, residencia y lugares para el desarrollo de las actividades educativas y talleres. <br>\nLa propuesta plantea un Penal con 4 Unidades Penitenciarias (3 para varones y 1 para mujeres), ingreso único y ubicación de las Unidades Penitenciarias; con doce (12) exclusas y 13 torreones de vigilancia. Esta Alternativa de Penal tiene un sola Administración.  Asimismo, de todos los servicios que requiere este establecimiento según las normas penitenciarias. <br>\nEl proyecto implica una inversión de 78 millones de soles.', 'vista/imagenes/proyectsandservices/servicios/preinvesion/2015/servicio-preinvesrion-1.jpg', 'Lima', 'culminado', 2),
(10, 'E. F. Construcción de Etapa II del Complejo Penitenciario Piedras Gordas II', 'Elaboración del Estudio a Nivel de Factibilidad del Proyecto: “Construcción del Establecimiento Penitenciario de la Segunda Etapa del Complejo Penitenciario de Piedras Gordas II para 2200 Internos”. <br>\nEl estudio se desarrolló por encargo del INPE según las normas del sistema nacional de inversión pública a nivel de factibilidad. El proyecto se ubica en el distrito de Ancon en la provincia de Lima. <br>\n Se estimó la oferta y demanda por servicios penitenciarios, el cual al corresponder a un multiproducto implico estudiar los servicios de: Albergue, del Sistema de Tratamiento (Servicio Legal, Servicios de Salud, Servicios de Psicología y Servicio Social, Trabajo, Educación), servicio de seguridad (Ingresos, visitas y revisiones), administración (Agua y energía). <br>\n El proyecto se diseñó para 2200 reos, y la propuesta arquitectónica consta de 4 establecimientos pequeños, en cada mini establecimiento existe 3 pabellones de dos pisos, cada establecimiento al interior tiene una capacidad para albergar 550 internos. <br>\n El proyecto implica una inversión de 65 millones de soles.', 'vista/imagenes/proyectsandservices/servicios/preinvesion/2015/servicio-preinvesrion-2.jpg', 'Lima', 'en proceso', 2),
(11, 'E. F. Redimensionamiento de los Servicios de Salud del Hospital de Apoyo III Sullana', 'Servicio de Consultoría para la Elaboración del Estudio de Factibilidad del PIP: Redimensionamiento de los Servicios de Salud del Hospital de Apoyo III Sullana. <br>\nPor encargo del Gobierno Regional se desarrolló el Estudio de Factibilidad según las normas del Sistema Nacional de Inversión Pública. <br>\nPara su desarrollo se implementó diversos instrumentos entre ellos una encuesta poblacional en el área de influencia directa, y encuestas de calidad a los usuarios del hospital. La demanda se estudió a nivel de cada red de servicios y nivel de complejidad, en cada una de ellas se determina el área de influencia y dimensionamiento de la demanda para los tres niveles de complejidad. <br>\nPor el lado de la oferta se analizó la infraestructura existente realizándose pruebas especiales a efecto de garantizar la operatividad de las mismas. <br>\nEl programa médico implementado ha planificado un hospital de nivel II.2, entre los principales recursos tenemos: construcción de 17 consultorios físicos, unidad de exploraciones especiales, unidad de diagnóstico por imágenes, 6 consultorios y 11 camas de observación en emergencia, 122 camas de hospitalización, 24 camas de puerperio, 3 centros quirúrgicos para cirugía mayor, 2 quirófanos de cirugía menor. <br>\n Área Construida: 13,181.40 m2. La inversión propuesta asciende a 80 millones de nuevos soles.', 'vista/imagenes/proyectsandservices/servicios/preinvesion/2015/servicio-preinvesrion-3.jpg', 'La Libertad', 'culminado', 2),
(12, 'E. F. Construcción del Establecimiento Penitenciario de Cañete II', 'Servicio de Consultoría: Elaboración del Estudio a Nivel de Factibilidad del Proyecto “Construcción del Establecimiento Penitenciario de Cañete II”. <br>\nEl estudio se desarrolló por encargo del INPE según las normas del sistema nacional de inversión pública a nivel de factibilidad. El proyecto se ubica en el distrito de Nuevo Imperial en la provincia de Cañete. <br>\nSe estimó la oferta y demanda por servicios penitenciarios, el cual al corresponder a un multiproducto implico estudiar los servicios de: Albergue, del Sistema de Tratamiento (Servicio Legal, Servicios de Salud, Servicios de Psicología y Servicio Social, Trabajo, Educación), servicio de seguridad (Ingresos, visitas y revisiones), administración (Agua y energía). <br>\n El proyecto se diseñó para 2016 reos, y la propuesta arquitectónica se desarrolla en 2 niveles con 46 mil metros cuadrados de área construida. Dicha propuesta planteo la construcción de un Centro de Salud 835 m2, un tratamiento desintoxicación de drogas, un área de juzgamiento, residencia y lugares para el desarrollo de las actividades educativas y talleres. <br>\n Este anteproyecto plantea una infraestructura de internamiento compuesta de (4) cuatro unidades penitenciarias albergando una población penal final de 2,016 internos. Cada unidad penitenciaria cuenta con cuatro pabellones de internamiento de dos pisos cada uno, con áreas para celdas, áreas para talleres del tipo semi-industrial; áreas recreativas y de culto así como áreas para el servicio de mantenimiento y almacenes; incluyéndose áreas para cocina y lavandería. Sistema de captación de agua de canal y tratamiento de aguas servidas con lagunas de estabilización. <br>\nEl proyecto implica una inversión de 70 millones de soles.', 'vista/imagenes/proyectsandservices/servicios/preinvesion/2015/servicio-preinvesrion-4.jpg', 'Lima', 'en proceso', 2),
(13, 'Estudio de Perfil Integral de Inversión Hospital de Santa Rosa de Puerto Maldonado', 'Elaboración del Estudio de Preinversión a nivel de Perfil Integral de inversión pública Hospital de Santa Rosa de Puerto Maldonado. <br> \nPor encargo del Hospital se desarrolló el Perfil recargado para la ampliación y remodelación de los servicios del Hospital. El nivel propuesto del hospital es II, proponiéndose 6751 m2 de área nueva y 2573 de remodelación. <br>\nEl estudio determinó la viabilidad de la inversión con un monto de 46 millones de soles.', 'vista/imagenes/proyectsandservices/servicios/preinvesion/2015/servicio-preinvesrion-5.jpg', 'Madre de Dios', 'culminado', 2),
(14, 'Estudios de Perfil y Factibilidad del Hospital Regional de Lambayeque', 'Instituto de Consultoría S.A. ha seguido el desarrollo de esta obra pública desde su identificación a nivel de Perfil, implementando luego el Estudio de Factibilidad y finalmente ejecutando la Supervisión de la Obra y el Equipamiento el 2010. <br>\nEl proyecto implica: 47 consultorios físicos, 168 camas, 20 camas de puerperio, 5 quirófanos. Todo el proyecto implica un área construida de más de 27 mil metros cuadrados y un presupuesto de cerca de 70 millones de dólares.', 'vista/imagenes/proyectsandservices/servicios/preinvesion/2015/servicio-preinvesrion-6.jpg', 'Lambayeque', 'en proceso', 2),
(15, 'E. F. Ampliación y Remodelación del Establecimiento Penitenciario de Tacna', 'Estudio de Preinversión a nivel de factibilidad del proyecto “Ampliación y Remodelación del Establecimiento Penitenciario de Tacna”. SNIP Nº 74779. El estudio se desarrolló por encargo del INPE según las normas del sistema nacional de inversión pública a nivel de factibilidad. El proyecto se ubica en el distrito de POCOLLAY en la provincia de Tacna. <br>\nSe estimó la oferta y demanda por servicios penitenciarios, el cual al corresponder a un multiproducto implico estudiar los servicios de: Albergue, del Sistema de Tratamiento (Servicio Legal, Servicios de Salud, Servicios de Psicología y Servicio Social, Trabajo, Educación), servicio de seguridad (Ingresos, visitas y revisiones), administración (Agua y energía). <br>\nConsiste en la construcción de cinco unidades penitenciarias, de 256 internos c/u, albergando una población total de 1280 internos; cada unidad consta de dos pabellones de internamiento (de dos pisos). Se considera para la I Etapa la construcción de 3 unidades penitenciarias, construcción de talleres, CETPROS, SUM (sala de usos múltiples), construcción de losa deportiva y control de ingreso; la remodelación de oficinas de tratamiento, rehabilitación de cocina, implementación de ambientes para administración y para seguridad en el actual pabellón 5, demolición del pabellón administrativo, reparación y mantenimiento de servicios básicos, construcción de veredas. Se incluirá la implementación de mobiliario y equipamiento e incorporación de recursos humanos. Estas intervenciones propiciarán el reordenamiento de la infraestructura existente, zonificando las áreas de internamiento, tratamiento y seguridad independientemente. En la II Etapa se construirán 2 unidades penitenciarias y se demolerá el pabellón antiguo que quedaba en uso de 80 internos. El área construida es de 7.7 mil metros cuadrados. <br>\nEl proyecto implica una inversión de 28 millones de soles.', 'vista/imagenes/proyectsandservices/servicios/preinvesion/2015/servicio-preinvesrion-17.jpg', 'Tacna', 'culminado', 2),
(16, 'Estudio de Perfil Mejoramiento de Carretera Vecinal Ilabaya-Cambaya-Camilaca', 'Servicio de Consultoría para la elaboración de Estudio de Perfil del Proyecto: Mejoramiento de la Carretera Vecinal Ilabaya-Cambaya-Camilaca. <br>\nEl Proyecto se localiza en la Región Tacna, Provincia de Jorge Basaadre, en el Distrito de Ilabaya-Camilaca, y busca Mejorar la Calidad de Vida de la Población del Eje Ilabaya Cambaya-Camilaca beneficiando a 3730 personas. El estudio se desarrolló en 2 tramos: tramo I Ilabaya-Cambaya (22.50 Km), y tramo II Cambaya-Camilaca (19.20 Km). <br>\nEl estudio desarrollado a nivel de perfil según las normas del sistema nacional de inversión pública, recomendó una carretera A Nivel de (TSB) Tratamiento Superficial Bicapa, una base de 0.20 m. y subbase de 0.20 m., ensanchando la plataforma en 7.60 m. y mejorando las pendientes superiores a 12%. Además, comprende la construcción de los puentes Chejaya y Cambaya, el mejoramiento del sistema de drenaje en toda la carretera y la construcción de obras para la estabilización de taludes. <br>\n La inversión propuesta asciende a 54 millones de soles.', 'vista/imagenes/proyectsandservices/servicios/preinvesion/2015/servicio-preinvesrion-8.jpg', 'Tacna', 'en proceso', 2),
(17, 'Estudio de Perfil del Terminal Portuario de Pijuayal, Putumayo – Maynas', 'El Estudio se desarrolló por encargo de la Autoridad Portuaria Nacional, para que se desarrolle según las normas del sistema nacional de inversión pública.\n El proyecto se desarrolla en la localidad de Pebas distrito de Putumayo, Provincia de MAYNAS, departamento de Loreto. El estudio determinó que por condiciones físicas es mejor reubicar el puerto de la localidad de Pijuayal a la zona de Nuevo Pebas. La determinación y análisis del área de influencia se realizó considerando la competencia interportaria. <br>\nEl proyecto tiene la ventaja de ofrecer un intercambio modal de las naves que llegan del atlántico con naves menores que provengan de Perú, este puerto se constituye en una solución alternativa al puerto de Iquitos el cual ya perdió la posibilidad física de atender naves de gran calado. <br>\nEl puerto se ubica en la margen izquierda del río Amazonas, situada en una ribera alta no inundable, cuya superficie es ondulada la misma que es amplia y sin drenajes, favoreciendo el terraplenado para la construcción de obras en tierra. El muelle está conformado por un pontón central de 40 m de largo 20m de ancho y 2 m de puntal, además se ha incluido un pontón de popa de 5 m de eslora 20 m de ancho y 2 m de puntal y el pontón de proa de forma pentagonal de 22m de eslora, 20m de anacho y 2 m de puntal, adicionalmente el muelle flotante se le incluye otros elementos que determinan las obras de río que están constituidos por el pontón de apoyo de 16 m de largo, 6 m de ancho y 2 m de puntal y el puente basculante de 60 m de largo 4.5 m de ancho, el puente se apoyará en su extremo en tierra sobre un estribo de mortero armado cimentado sobre pilotes de acero y en su extremo en río sobre un pontón de apoyo adyacente al muelle, así mismo el muelle estar unido a través de cables sujetos a macizos de anclajes, con anclas fondeadas en el lecho y se une con cadenas estar sujeto en su extremo a winches que controlan la tensión del anclaje, además se aplicará geotextiles para proteger de la ribera para los macizos y anclajes, también incluye obras para protección de palizadas, el muelle constará de un amarradero así como obras en tierra con sus respectivos almacenes. <br>\nLa inversión propuesta es de 30 millones de soles.', 'vista/imagenes/proyectsandservices/servicios/preinvesion/2015/servicio-preinvesrion-9.jpg', 'Loreto', 'culminado', 2),
(18, 'Evaluación del E. F. Mejoramiento de la Av. Néstor Gambetta – Callao', 'Contratación del Servicio de Consultoría Evaluación del Estudio de Factibilidad del Proyecto de Inversión Pública “Mejoramiento de la Av. Néstor Gambeta – Callao”. SNIP No 48115. El Gobierno Regional nos contrató para apoyar a la OPI de la región a efecto de que puedan evaluar en el marco del SNIP el estudio de factibilidad a efecto de determinar si correspondía darle la viabilidad. <br>\nEl proyecto busca obtener una eficiente transitabilidad y bajos índices de congestionamiento y accidentabilidad de la Vía Nestor Gambetta. <br>\nEl proyecto planteo lo siguiente:   Construcción de 28 km a nivel de Carpeta Asfáltica en Caliente Modificada con Polímeros – CAC con dos calzadas de 7.00 mts. y 10.50 mts de ancho, y cada calzada con dos y tres carriles de 3.50 m. cada uno, bermas laterales de ancho variable según las dimensiones de la sección vial a lo largo de la Avenida. Complementariamente se plantea la construcción de Distribuidores Viales, Vías Auxiliares, Puentes Vehiculares y Peatonales, Paraderos, trabajos de señalización horizontal, vertical, y semaforización.', 'vista/imagenes/proyectsandservices/servicios/preinvesion/2015/servicio-preinvesrion-10.jpg', 'Callao', 'en proceso', 2),
(19, 'Estudio de Perfil del Terminal Portuario de Saramiriza, Datem del Marañón', 'Contratación de una consultoría para la Elaboración del Perfil del Terminal Portuario de Sarameriza. SNIP No 118682. El estudio se desarrolló por encargo de la Autoridad Portuaria Nacional, para que se desarrolle el estudio según las normas del sistema nacional de inversión pública y según la inversión se consiga la viabilidad de la inversión propuesta. <br>\nEl proyecto se desarrolla en el distrito de Manseriche, en la provincia del Datem del Marañón, departamento de Loreto. El proyecto tiene la ventaja de ofrecer un intercambio modal en un ámbito que incluso tiene más ventajas comparativas que el Terminal portuario de Yurimaguas. Se determinó el área de influencia del puerto considerando la competencia interportuaria. <br>\nLa propuesta seleccionada y finalmente viable recomienda la construcción de un embarcadero con facilidades en tierra como en río, para lo cual se tendrá en cuenta obras preliminares (agua, desagüe, electricidad y otros) construcción de un puente, muros de contención con pilotes de acero, morteros, aplicación de geotextiles para aplicar en el drenaje, así como también un puente basculante en posición transversal al estribo, un muelle flotante con anclajes, pontones y anclajes al río con winches de 10 ton. e instalación de anclaje de pontones flotante al río incluyendo dos winches de 15 ton. Entre otros. <br>\nLa inversión propuesta es de 8 millones de soles.', 'vista/imagenes/proyectsandservices/servicios/preinvesion/2015/servicio-preinvesrion-11.jpg', 'Loreto', 'culminado', 2),
(20, 'E. P. de Puentes Chamaya, Nueva Unida, Olaechea, Numpatken, Uchichiangos y Yahuahua', 'Estudio de Preinversión a nivel de Perfil de los Puentes Chamaya, Nueva Unida, Olaechea, Numpatken, Chichiangos y Yahuahua y accesos, en el departamento de Amazonas. <br>\nEl área de estudio se encuentra ubicado en el distrito de Santa Maria de Nieva, provincia de Condorcanqui departamento de Amazonas. <br>\nEl proyecto tiene como objetivo evaluar la viabilidad de la inversión en 6 puentes en la zona de la comunidad indígena de los Aguajum. <br>\nLos estudios determinan la mejor alternativa para solucionar el problema de comunicación de los pobladores. <br>\nLos perfiles se desarrollaron según las normas del Sistema Nacional de Inversión Pública.', 'vista/imagenes/proyectsandservices/servicios/preinvesion/2015/servicio-preinvesrion-12.jpg', 'Amazonas', 'en proceso', 2),
(21, 'Estudio de Factibilidad: Fortalecimiento de la Capacidad Resolutiva del Hospital Regional Miguel Ángel Mariscal Llerena de AYACUCHO', 'Por encargo del Gobierno Regional de Ayacucho hemos desarrollado el Estudio de Factibilidad y Expediente Técnico para la construcción del Hospital Regional. <br>\nSe planifico un hospital con 33 consultorios físicos, 135 camas de hospitalización, 3 quirófanos de cirugía mayor y 2 de cirugía menor entre otros. <br>\nEl proyecto implica una inversión de cerca de 50 millones de dólares y un área construida de más de 23 mil metros cuadrados. <br>\nEl proyecto incluye tanto la infraestructura como el equipamiento para el cumplimiento de su función a nivel regional.', 'vista/imagenes/proyectsandservices/servicios/preinvesion/2015/servicio-preinvesrion-13.jpg', 'Ayacucho', 'culminado', 2),
(22, 'E. Factibilidad y Expediente Técnico del Terminal Terrestre de la ciudad de Trujillo', 'Recibimos el encargo de la Municipalidad Provincial para el desarrollo del Estudio de Factibilidad y Expediente Técnico del Terminal Terrestre de la ciudad de Trujillo. El terminal terrestre está previsto para atender más de 25 millones de pasajeros al año, con 38 andenes de entrada y salida. Incluye también un terminal de carga para la carga mayor. <br>\nEl estudio incluyó el desarrollo del Impacto vial correspondiente, así como el estudio de impacto ambiental requerido. Se plantea un terminal moderno que combina las funciones de transporte con las necesidades comerciales que son requeridas para funcionar como un terminal moderno. <br>\nEl proyecto implica un área construida de 20 000 metros cuadrados y una inversión aproximada de más de 35 millones de dólares. <br>\nEl proyecto incluye 2 puentes vías subterráneas para las entradas y salidas de buses y acceso subterráneo de pasajeros. Se desarrolló la propuesta de financiamiento, cálculo de tarifas y mecanismos para la promoción de la inversión privada.', 'vista/imagenes/proyectsandservices/servicios/preinvesion/2015/servicio-preinvesrion-14.jpg', 'La Libertad', 'en proceso', 2),
(23, 'Estudio de Navegabilidad de Ríos Marañón y Amazonas Tramo: Saramiriza ', 'El estudio tenía por objetivo elaborar un diagnóstico de la navegabilidad comercial en los ríos Marañón y Amazonas, con el fin de promover la utilización racional, ordenada, durante todo el año de la navegación fluvial, mejorando las condiciones del tráfico, aumentando la seguridad y preservando el medio ambiente de acuerdo a los criterios de desarrollo sustentable. El estudio concluyó con la elaboración del estudio de preinversión a nivel de perfil. <br>\nEl estudio, entre otros aspectos desarrollo lo siguiente: <br>\nDeterminación de los Parámetros hidráulicos, hidrológicos en las áreas con presencia de obstáculos a la navegación. <br>\nIdentificación de la ubicación y características de los obstáculos a la navegación. <br>\nIdentificación del Potencialidad comercial, identificando centros de producción y de consumo. <br>\nDefinición de la nave de diseño. <br>\nEvaluación y análisis del transporte fluvial. <br>\nInfraestructura portuaria y multimodal en el tramo en estudio. <br>\nElaboración de un Plan de Inversiones. <br>\nEstudio de Impacto Ambiental aprobado por la autoridad sectorial correspondiente. <br>\nElaboración de la Carta Electrónica de Navegación bajo las normas de la Organización Hidrográfica Internacional (OHI). <br>\nLa hidrovía tiene 1205 Km de longitud tramo comprendido entre la localidad de Saramiriza hasta Santa Rosa (punto fronterizo con Colombia y Brasil). Los estudios básicos desarrollados son los siguientes: <br>\nLevantamiento Topográfico. <br>\nLevantamiento Batimétrico. <br>\nLevantamiento Batimétrico para el Diseño del Canal de navegación. <br>\nLevantamiento Batimétrico de los malos pasos. <br>\nLevantamiento de las Riberas del cauce del Río. <br>\nInstalar redes de estaciones limnimétricas. <br>\nAl finalizar el estudio desarrollo un perfil según las normas del sistema nacional de inversión pública.', 'vista/imagenes/proyectsandservices/servicios/preinvesion/2015/servicio-preinvesrion-15.jpg', 'Amazonas', 'culminado', 2),
(24, 'E. F. Mejoramiento de Capacidad Ope. y Res. de Hospital Reg. Doc. de Trujillo', 'Elaboración de los Estudios de Pre Inversión a Nivel de Prefactibilidad y Factibilidad, del Proyecto de Inversión Pública denominado: Mejoramiento de la Capacidad Operativa y Resolutiva del Hospital Regional Docente de Trujillo Categoría III – 1, con énfasis en la atención de emergencias – Trujillo – La Libertad.', 'vista/imagenes/proyectsandservices/servicios/preinvesion/2015/servicio-preinvesrion-16.jpg', 'La Libertad', 'en proceso', 2),
(25, 'Estudio de Prefactibilidad Construcción de la Carretera Tambogrande en Piura', 'El objetivo del estudio fue el identificar, formular y evaluar desde el punto de vista técnico económico, social y ambiental, con un enfoque de gestión de riesgos y desastres; las posibles alternativas de trazo, a fin de afianzar la comercialización y distribución física de carga y pasajeros entre esta zona y los mercados del departamento y del país; así como propiciar la integración fronteriza, con las ciudades que se encuentran al sur del Ecuador. <br>\nEl proyecto, se encuentra ubicado entre los Distritos de Tambogrande y Castilla pertenecientes a la Provincia y Departamento de Piura. <br>\nLa carretera permite comunicar a los distritos de Las Lomas y Tambogrande con el Km. 21 de la carretera Piura – Chulucanas con una distancia de 26.89 Kms. y a través de esta vía se comunica con la ciudad de Piura con una distancia de 20.10 Kms. totalizando un recorrido entre Tambogrande y Piura de 46.99 Kms. <br>\nLa población de los Distritos de Tambogrande y Las Lomas no tienen acceso directo con su capital provincial que es la ciudad de Piura, asimismo las poblaciones de los distritos de Ayabaca, Montero, Sapillica, Sicchez, Suyo, Lagunas, Jililí y Paimas para poderse trasladar a Piura tienen que realizar el recorrido por Tambogrande – Desvió Sullana – Piura de 82 Kms, lo que origina un mayor costo de transporte y tiempo de viaje. <br>\nEl proyecto se desarrolló según los requerimientos del Sistema Nacional de Inversión Pública y comprendió entre otras las siguientes actividades : Inventarios viales, Estudios de Tráfico, Estudio Socio-Económico, Estudio de Transporte (Oferta de Transporte, Demanda de transporte y tránsito, Capacidad de la vía), Ingeniería Básica (Cartografía, topográfica, Geología y de Suelo, Canteras y Fuentes de Agua, Diseño de Pavimentos, Hidrología, Climatología, Obras de Arte y Drenaje), Estudio de Impacto Ambiental, Planteamiento de Soluciones de Ingeniería, Presupuesto, Evaluación Social y Económica, Análisis de Sensibilidad y Riesgo entre otros. <br>\nEl proyecto consiste en la construcción de una vía de 27.84 Kms, de 7 mts de ancho de calzada, a nivel de carpeta asfáltica en caliente de 2, con sus respectivas obras de arte y la construcción de un puente de 220 mts. de longitud, de concreto post tensado de 8.20 mts. de ancho total. La inversión total a precios de mercado es de 59 millones de soles.', 'vista/imagenes/proyectsandservices/servicios/preinvesion/2015/servicio-preinvesrion-17.jpg', 'Piura', 'culminado', 2),
(26, 'Expediente Técnico para la Ampliación y Mejoramiento del Hospital de Moquegua', 'Por encargo del Ejecutor de la Obra se desarrolló el Expediente Técnico para la ampliación y Mejoramiento del Hospital de Moquegua, se desarrolló los anteproyectos y estudios definitivos de todas las especialidades.', 'vista/imagenes/proyectsandservices/servicios/expedientesdeobra/2015/servicio-expediente-1.jpg', 'Moquegua', 'en proceso', 3),
(27, 'Fortalecimiento de la Capacidad Resolutiva del Hospital Reg. Miguel Mariscal – Ayacucho', 'Por encargo del Gobierno Regional de Ayacucho hemos desarrollado la Elaboración del Estudio a Nivel de Factibilidad y el Estudio Definitivo del Proyecto: Fortalecimiento de la Capacidad Resolutiva del Hospital Regional Miguel Ángel Mariscal Llerena de AYACUCHO. <br>\nSe planificó un hospital con 33 consultorios físicos, 135 camas de hospitalización, 3 quirófanos de cirugía mayor y 2 de cirugía menor entre otros. <br>\nEl proyecto implica una inversión de cerca de 50 millones de dolares y un área construida de más de 23 mil metros cuadrados. <br>\nEl proyecto incluye tanto la infraestructura como el equipamiento para el cumplimiento de su función a nivel regional. <br>', 'vista/imagenes/proyectsandservices/servicios/expedientesdeobra/2015/servicio-expediente-2.jpg', 'Ayacucho', 'culminado', 3),
(28, 'Construcción de Local del Hospital de Apoyo Nuestra Sra. de las Mercedes, Paita – Piura', 'Construcción Nuevo Local del Hospital de Apoyo Nuestra Señora de las Mercedes, II Nivel de Atención, 5° Nivel de Complejidad, Paita – Piura, por encargo del UNOPS se ha realizado el diseño del nuevo Hospital de Paita, el proyecto cuenta con 75 camas, se ha planteado la construcción de dos módulos, uno destinado a las especialidades de medicina y cirugía. <br>\nEl terreno donde se edificará el Hospital está ubicado en la Av. Miguel Grau, lote único 01 de la Manzana H de la Zona Industrial II Complementaria con frente a la carretera Piura – Paita (Km 47) cuenta con un área total de 40,000.00 m2, y perímetro de 800 ml. <br>\nEl Proyecto de Inversión con un costo total de S/. 44’714,890.00 para la construcción de la Infraestructura y equipamiento.', 'vista/imagenes/proyectsandservices/servicios/expedientesdeobra/2015/servicio-expediente-3.jpg', 'Piura', 'en proceso', 3),
(29, 'Fortalecimiento de la Atención de los Servicios de Salud en el Hospital de Andahuaylas', 'Elaboración del Expediente Técnico (Obra y Equipamiento) y el Estudio Definitivo a Nivel de Obra para el Fortalecimiento de la Atención de los Servicios de Salud en el Segundo Nivel de Atención, Categoría II-2, 6º Nivel de Complejidad Hospital de Andahuaylas.', 'vista/imagenes/proyectsandservices/servicios/expedientesdeobra/2015/servicio-expediente-4.jpg', 'Apurímac', 'culminado', 3),
(30, 'Mejoramiento de la Capacidad Resolutiva de sede principal Ministerio Público – DJ Tacna', 'El objetivo del proyecto es la Remodelación y Acondicionamiento de la parte frontal y posterior a fin de que la Entidad pueda cumplir en forma eficaz con sus funciones administrativas y operativas.', 'vista/imagenes/proyectsandservices/servicios/expedientesdeobra/2015/servicio-expediente-5.jpg', 'Tacna', 'en proceso', 3),
(31, 'Expediente Técnico Refacción y acondicionamiento de puesto de control Tomasiri – Tacna', 'Elaboración del Expediente Técnico para la Refacción y Acondicionamiento del Puesto de Control Tomasiri – Tacna. Ubicado en la Carretera Panamericana Sur KM. 1257, Distritos de Sama e Inclan, Provincia y Departamento de Tacna. Cuenta con un área de 101,949.48 m2. <br>\nDentro de los problemas de infraestructura más importantes que deben ser resueltos están: el abastecimiento de agua, mediante un sistema de potabilización, la necesidad de habilitar nuevas vías de circulación para un mejor control vehicular, básicamente del transporte de carga, el contar con un nuevo depósito de vehículos incautados y contar con nuevas plataformas de descarga, así como contar con un nuevo Almacén de Mercadería Inflamable y techar un almacén que se encuentre sin protección. <br>\nEl monto de inversión es de S/. 3´233,912.91 nuevos soles.', 'vista/imagenes/proyectsandservices/servicios/expedientesdeobra/2015/servicio-expediente-6.jpg', 'Tacna', 'culminado', 3),
(32, 'Expediente Técnico para la Construcción de Sede de Of. Zonal SUNAT – Cajamarca', 'Elaboración del Expediente Técnico para la Construcción de la Sede de la Oficina Zonal de SUNAT – Cajamarca. El proyecto se encuentra ubicado en el departamento de Cajamarca, en la Provincia del mismo nombre, en el distrito de Cajamarca. El área total que ocupa el terreno es de 1,049.89 m2. <br>\nEl Proyecto contempla la edificación de un edificio de 3 plantas, en las cuales se distribuirán los ambientes necesarios de acuerdo a las necesidades estimadas.', 'vista/imagenes/proyectsandservices/servicios/expedientesdeobra/2015/servicio-expediente-7.jpg', 'Cajamarca', 'en proceso', 3),
(33, 'Expediente Técnico para el nuevo Hospital Nivel II-2 José Mendoza Olavarria – Tumbes', 'Por encargo del Gobierno Regional de Tumbes se desarrolló el Expediente Técnico José Alfredo Mendoza Olavarría, Hospital II-2. El Hospital proyecto incluye Centro Quirúrgico, Salas de Partos, Consulta Externa, Hospitalización y servicios para Ayuda al Diagnóstico. <br>\nEl hospital fue presupuestado por una inversión de 35 millones de dólares.', 'vista/imagenes/proyectsandservices/servicios/expedientesdeobra/2015/servicio-expediente-8.jpg', 'Tumbes', 'culminado', 3),
(34, 'Fortalecimiento de los Servicios de Salud del Hospital Santiago Apóstol de Utcubamba', 'Elaboración del Expediente Técnico: Fortalecimiento de la Capacidad Resolutiva de los Servicios de Salud del Hospital Santiago Apóstol de la provincia de Utcubamba, Región Amazonas.', 'vista/imagenes/proyectsandservices/servicios/expedientesdeobra/2015/servicio-expediente-9.jpg', 'Amazonas', 'culminado', 3),
(35, 'Estudio Mejoramiento de las Vías de Acceso al Centro Arqueológico de Caral-Supe', 'El Ministerio de Transporte nos encargó el desarrollo de los expedientes técnicos para la construcción de caminos vecinales que permiten el acceso a las ruinas arqueológicas de Caral, de manera específica los tramos estudiados son:  Tramo I: Emp. R001N-Llamahuaca 16.80 KM y Tramo II: Llamahuaca-Caral 7.70 KM. <br>\nSe desarrollaron todos los estudios de ingeniería requeridos, incluidos los estudios de impacto ambiental y los talleres de participación ciudadana.\n', 'vista/imagenes/proyectsandservices/servicios/expedientesdeobra/2015/servicio-expediente-10.jpg', 'Lima', 'culminado', 3),
(36, 'Construcción y Equipamiento del Hospital de Ventanilla – Callao', 'El nuevo Hospital cuenta con un área de terreno real de 8922.63 m2 ubicado en la urbanización Satélite del Distrito de Ventanilla, Provincia Constitucional del Callao. <br>\nEl expediente desarrolla la Obra civil en sus especialidades: Arquitectura, Estructuras, Instalaciones Sanitarias, Eléctricas y Mecánicas. Además, se desarrolla el equipamiento médico y clínico, así como el mobiliario del establecimiento.\n', 'vista/imagenes/proyectsandservices/servicios/expedientesdeobra/2015/servicio-expediente-11.jpg', 'Callao', 'culminado', 3),
(37, 'Construcción del Nuevo Establecimiento Penitenciario de Tarapoto – San Martín', 'El Ministerio de Justicia, de acuerdo con la política del Gobierno se ha propuesto mejorar las condiciones de habitabilidad de la población penal, mediante la construcción de un nuevo establecimiento penitenciario para albergar una población de 616 internos y 20 internas. El terreno donde se ubica el proyecto se encuentra en la zona de las Pampas de Sanaguillo del Distrito de Banda de Shilcayo, Provincia de Tarapoto, Región de San Martín. <br>\nEl expediente se desarrolla a nivel de expediente de obra.', 'vista/imagenes/proyectsandservices/servicios/expedientesdeobra/2015/servicio-expediente-12.jpg', 'San Martín', 'culminado', 3),
(38, 'Supervisión: Ampliación de Capacidad de Albergue del E.P. El Milagro – Trujillo', 'El penal se encuentra en el distrito del Milagro, Provincia de Trujillo, el presupuesto de obra es de aproximadamente 5.5 millones de soles. El establecimiento penitenciario desarrolló los pabellones de internamiento y áreas comunes para brindar los servicios planteados en el código penal.', 'vista/imagenes/proyectsandservices/servicios/supervision/2015/servicio-supervision-1.jpg', 'La Libertad', 'culminado', 4),
(39, 'Supervisión: Construcción de Obra y Equipamiento del Hosp. Reg. de Lambayeque', 'El proyecto implica: 47 consultorios físicos, 168 camas, 20 camas de puerperio, 5 quirófanos. Todo el proyecto implica un área construida de más de 27 mil metros cuadrados y un presupuesto de cerca de 70 millones de dólares.', 'vista/imagenes/proyectsandservices/servicios/supervision/2015/servicio-supervision-2.jpg', 'Lambayeque', 'culminado', 4),
(40, 'Supervisión: Seguridad Peatonal COSAC I Protransporte', 'No hay información del Servicio por el momento.', 'vista/imagenes/proyectsandservices/servicios/supervision/2015/servicio-supervision-3.jpg', 'Lima', 'culminado', 4),
(41, 'Supervisión: Fortalecimiento Servicios de Salud del Hospital San José Chincha', 'Supervisión de Contratación del Servicio de Consultoría para la Supervisión de la Obra:  Fortalecimiento de la Capacidad Resolutiva de los Servicios de Salud del Hospital San José Chincha – DIRESA – ICA.', 'vista/imagenes/proyectsandservices/servicios/supervision/2015/servicio-supervision-4.jpg', 'Ica', 'en proceso', 4),
(42, 'Servicios de emergencia y especializados de Hospital Emergencias Villa El Salvador', 'Supervisión de la ejecución de obra, equipamiento informático y equipamiento electromecánico del proyecto de inversión pública: “Fortalecimiento de la atención de los servicios de emergencia y servicios especializados – Nuevo Hospital Emergencias Villa El Salvador”- SNIP 58330.', 'vista/imagenes/proyectsandservices/servicios/supervision/2015/servicio-supervision-5.jpg', 'Lima', 'en proceso', 4),
(43, 'Supervisión: Construcción y Equipamiento del Hospital II-1 La Merced – Chanchamayo', 'Servicios de Consultoría para la Supervisión de Obra: Construcción y Equipamiento del Hospital II-1 La Merced – Provincia de Chanchamayo, Departamento de Junín.', 'vista/imagenes/proyectsandservices/servicios/supervision/2015/servicio-supervision-6.jpg', 'Junín', 'en proceso', 4),
(44, 'Supervisión de Obras FONE y FONB complementarias en la Región Puno', 'Supervisión de Obras FONE y FONB complementarias en la Región Puno. SPI Nº 005-2010/PARSALUD-BID.', 'vista/imagenes/proyectsandservices/servicios/supervision/2015/servicio-supervision-7.jpg', 'Puno', 'en proceso', 4),
(45, 'Supervisión: Construcción del Centro Binacional de Atención en Frontera – Desagüadero', 'Objetivo: Eficiente y adecuado control de personas, mercancías y vehículos en el Paso de Frontera Desaguadero (Perú-Bolivia). <br>\nDescripción: Implementación del paso de frontera con infraestructura, equipamiento y conectividad, mejorando los procesos de control bajo la modalidad operativa de una cabecera con sede en el Perú.', 'vista/imagenes/proyectsandservices/servicios/supervision/2015/servicio-supervision-8.jpg', 'Puno', 'en proceso', 4),
(46, 'Supervisión del Primer Hospital de Obras por Impuesto Macusani – Puno', 'Supervisión del Primer Hospital de Obras por Impuesto MACUSANI – Puno.', 'vista/imagenes/proyectsandservices/servicios/supervision/2015/servicio-supervision-9.jpg', 'Puno', 'culminado', 4),
(47, 'Mejoramiento de la Capacidad Resolutiva del Hospital de Sicuani – Cusco', 'El Gobierno Regional de Cuzco nos encargó la Supervisión de la Construcción y Equipamiento del Hospital de Sicuani, el cual se realizó con una inversión de cercana a los 10 millones de dólares. El hospital se encuentra en la ciudad de Sicuani, provincia de Canchis, Departamento del Cusco. <br>\nLa supervisión se realizó por 462 días e implicó un área construida de más de 7500 metros cuadrados. El hospital es de nivel II.2, cuenta con centro quirúrgico, sala de partos, consulta externa, hospitalización y servicios para ayuda al Diagnostico, la obra se realizó en 2 niveles.', 'vista/imagenes/proyectsandservices/servicios/supervision/2015/servicio-supervision-10.jpg', 'Cusco', 'culminado', 4);

--
-- Índices para tablas volcadas
--

--
-- Indices de la tabla `blog_categor`
--
ALTER TABLE `blog_categor`
  ADD PRIMARY KEY (`id_blog_cat`);

--
-- Indices de la tabla `blog_publicaciones`
--
ALTER TABLE `blog_publicaciones`
  ADD PRIMARY KEY (`id_blog_pub`),
  ADD KEY `id_blog_tipo` (`id_blog_tipo`);

--
-- Indices de la tabla `blog_pub_cat`
--
ALTER TABLE `blog_pub_cat`
  ADD KEY `id_blog_cat` (`id_blog_cat`),
  ADD KEY `id_blog_pub` (`id_blog_pub`) USING BTREE;

--
-- Indices de la tabla `blog_tipo_zona`
--
ALTER TABLE `blog_tipo_zona`
  ADD PRIMARY KEY (`id_blog_tipo`);

--
-- Indices de la tabla `galery_proy_items`
--
ALTER TABLE `galery_proy_items`
  ADD PRIMARY KEY (`id_galery_proy`),
  ADD KEY `galery_proy_items_ibfk_1` (`id_proyec_item`);

--
-- Indices de la tabla `portada`
--
ALTER TABLE `portada`
  ADD PRIMARY KEY (`id_portada`);

--
-- Indices de la tabla `proyectos`
--
ALTER TABLE `proyectos`
  ADD PRIMARY KEY (`id_proyecto`);

--
-- Indices de la tabla `proyec_items`
--
ALTER TABLE `proyec_items`
  ADD PRIMARY KEY (`id_proyec_item`),
  ADD KEY `id_proy_ts` (`id_proy_ts`),
  ADD KEY `id_proyecto` (`id_proyecto`);

--
-- Indices de la tabla `proy_tipo_sector`
--
ALTER TABLE `proy_tipo_sector`
  ADD PRIMARY KEY (`id_proy_ts`),
  ADD KEY `id_proy` (`id_proyecto`);

--
-- Indices de la tabla `servicios`
--
ALTER TABLE `servicios`
  ADD PRIMARY KEY (`id_servicio`);

--
-- Indices de la tabla `serv_items`
--
ALTER TABLE `serv_items`
  ADD PRIMARY KEY (`id_serv_item`),
  ADD KEY `id_servicio` (`id_servicio`);

--
-- AUTO_INCREMENT de las tablas volcadas
--

--
-- AUTO_INCREMENT de la tabla `blog_categor`
--
ALTER TABLE `blog_categor`
  MODIFY `id_blog_cat` int(11) NOT NULL AUTO_INCREMENT, AUTO_INCREMENT=6;

--
-- AUTO_INCREMENT de la tabla `blog_publicaciones`
--
ALTER TABLE `blog_publicaciones`
  MODIFY `id_blog_pub` int(11) NOT NULL AUTO_INCREMENT, AUTO_INCREMENT=334;

--
-- AUTO_INCREMENT de la tabla `blog_tipo_zona`
--
ALTER TABLE `blog_tipo_zona`
  MODIFY `id_blog_tipo` int(11) NOT NULL AUTO_INCREMENT, AUTO_INCREMENT=3;

--
-- AUTO_INCREMENT de la tabla `galery_proy_items`
--
ALTER TABLE `galery_proy_items`
  MODIFY `id_galery_proy` int(11) NOT NULL AUTO_INCREMENT, AUTO_INCREMENT=12;

--
-- AUTO_INCREMENT de la tabla `portada`
--
ALTER TABLE `portada`
  MODIFY `id_portada` int(11) NOT NULL AUTO_INCREMENT, AUTO_INCREMENT=9;

--
-- AUTO_INCREMENT de la tabla `proyectos`
--
ALTER TABLE `proyectos`
  MODIFY `id_proyecto` int(11) NOT NULL AUTO_INCREMENT, AUTO_INCREMENT=5;

--
-- AUTO_INCREMENT de la tabla `proyec_items`
--
ALTER TABLE `proyec_items`
  MODIFY `id_proyec_item` int(11) NOT NULL AUTO_INCREMENT, AUTO_INCREMENT=93;

--
-- AUTO_INCREMENT de la tabla `proy_tipo_sector`
--
ALTER TABLE `proy_tipo_sector`
  MODIFY `id_proy_ts` int(11) NOT NULL AUTO_INCREMENT, AUTO_INCREMENT=15;

--
-- AUTO_INCREMENT de la tabla `servicios`
--
ALTER TABLE `servicios`
  MODIFY `id_servicio` int(11) NOT NULL AUTO_INCREMENT, AUTO_INCREMENT=5;

--
-- AUTO_INCREMENT de la tabla `serv_items`
--
ALTER TABLE `serv_items`
  MODIFY `id_serv_item` int(11) NOT NULL AUTO_INCREMENT, AUTO_INCREMENT=48;

--
-- Restricciones para tablas volcadas
--

--
-- Filtros para la tabla `blog_publicaciones`
--
ALTER TABLE `blog_publicaciones`
  ADD CONSTRAINT `blog_publicaciones_ibfk_1` FOREIGN KEY (`id_blog_tipo`) REFERENCES `blog_tipo_zona` (`id_blog_tipo`) ON DELETE CASCADE ON UPDATE CASCADE;

--
-- Filtros para la tabla `blog_pub_cat`
--
ALTER TABLE `blog_pub_cat`
  ADD CONSTRAINT `blog_pub_cat_ibfk_1` FOREIGN KEY (`id_blog_cat`) REFERENCES `blog_categor` (`id_blog_cat`) ON DELETE CASCADE ON UPDATE CASCADE,
  ADD CONSTRAINT `blog_pub_cat_ibfk_2` FOREIGN KEY (`id_blog_pub`) REFERENCES `blog_publicaciones` (`id_blog_pub`) ON DELETE CASCADE ON UPDATE CASCADE;

--
-- Filtros para la tabla `galery_proy_items`
--
ALTER TABLE `galery_proy_items`
  ADD CONSTRAINT `galery_proy_items_ibfk_1` FOREIGN KEY (`id_proyec_item`) REFERENCES `proyec_items` (`id_proyec_item`) ON DELETE CASCADE ON UPDATE CASCADE;

--
-- Filtros para la tabla `proyectos`
--
ALTER TABLE `proyectos`
  ADD CONSTRAINT `proyectos_ibfk_1` FOREIGN KEY (`id_proyecto`) REFERENCES `proy_tipo_sector` (`id_proyecto`) ON DELETE CASCADE ON UPDATE CASCADE;

--
-- Filtros para la tabla `proyec_items`
--
ALTER TABLE `proyec_items`
  ADD CONSTRAINT `proyec_items_ibfk_1` FOREIGN KEY (`id_proy_ts`) REFERENCES `proy_tipo_sector` (`id_proy_ts`) ON DELETE CASCADE ON UPDATE CASCADE,
  ADD CONSTRAINT `proyec_items_ibfk_2` FOREIGN KEY (`id_proyecto`) REFERENCES `proyectos` (`id_proyecto`) ON DELETE CASCADE ON UPDATE CASCADE;

--
-- Filtros para la tabla `proy_tipo_sector`
--
ALTER TABLE `proy_tipo_sector`
  ADD CONSTRAINT `proy_tipo_sector_ibfk_1` FOREIGN KEY (`id_proyecto`) REFERENCES `proyectos` (`id_proyecto`) ON DELETE CASCADE ON UPDATE CASCADE;

--
-- Filtros para la tabla `serv_items`
--
ALTER TABLE `serv_items`
  ADD CONSTRAINT `serv_items_ibfk_1` FOREIGN KEY (`id_servicio`) REFERENCES `servicios` (`id_servicio`) ON DELETE CASCADE ON UPDATE CASCADE;
COMMIT;

/*!40101 SET CHARACTER_SET_CLIENT=@OLD_CHARACTER_SET_CLIENT */;
/*!40101 SET CHARACTER_SET_RESULTS=@OLD_CHARACTER_SET_RESULTS */;
/*!40101 SET COLLATION_CONNECTION=@OLD_COLLATION_CONNECTION */;
